seqno,xdegs,ydegs,zdegs,xg,yg,zg,movement
0,0.04,0.05,0.03,0,0.01,0.73,UpDown
1,0.06,0.03,0.04,0.01,0.01,0.94,UpDown
2,0.05,0.05,0.04,0.01,0.01,1.01,UpDown
3,0.05,0.04,0.03,0.01,0.01,1.03,UpDown
4,0.05,0.04,0.03,0.01,0.01,1.03,UpDown
5,0.06,0.05,0.03,0.01,0.01,1.03,UpDown
6,0.05,0.05,0.03,0.01,0.01,1.03,UpDown
7,0.06,0.05,0.04,0.01,0.01,1.03,UpDown
8,0.05,0.04,0.04,0.01,0.01,1.03,UpDown
9,0.05,0.05,0.04,0.01,0.01,1.03,UpDown
10,0.05,0.04,0.04,0.01,0.01,1.03,UpDown
11,0.05,0.04,0.04,0.01,0.01,1.03,UpDown
12,0.05,0.04,0.03,0.01,0.01,1.03,UpDown
13,0.05,0.05,0.04,0.01,0.01,1.03,UpDown
14,0.06,0.06,0.03,0.01,0.01,1.03,UpDown
15,0.05,0.05,0.03,0.01,0.01,1.03,UpDown
16,0.05,0.04,0.03,0.01,0.01,1.03,UpDown
17,0.06,0.05,0.03,0.01,0.01,1.03,UpDown
18,0.05,0.05,0.04,0.01,0.01,1.03,UpDown
19,0.05,0.04,0.04,0.01,0.01,1.03,UpDown
20,0.05,0.04,0.04,0.01,0.01,1.03,UpDown
21,0.05,0.05,0.03,0.01,0.01,1.03,UpDown
22,0.05,0.05,0.04,0.01,0.01,1.03,UpDown
23,0.06,0.05,0.03,0.01,0.01,1.03,UpDown
24,0.06,0.05,0.04,0.01,0.01,1.03,UpDown
25,0.06,0.04,0.03,0.01,0.01,1.04,UpDown
26,0.06,0.04,0.03,0.01,0.01,1.03,UpDown
27,0.06,0.05,0.04,0.01,0.01,1.03,UpDown
28,0.06,0.03,0.03,0.01,0.01,1.03,UpDown
29,0.05,0.04,0.03,0.01,0.01,1.03,UpDown
30,0.05,0.05,0.03,0.01,0.01,1.03,UpDown
31,0.05,0.04,0.03,0.01,0.01,1.03,UpDown
32,0.06,0.04,0.03,0.01,0.01,1.03,UpDown
33,0.06,0.05,0.05,0.01,0.01,1.03,UpDown
34,0.06,0.05,0.03,0.01,0.01,1.03,UpDown
35,0.05,0.04,0.03,0.01,0.01,1.03,UpDown
36,0.05,0.04,0.04,0.01,0.01,1.03,UpDown
37,0.05,0.05,0.04,0.01,0.01,1.03,UpDown
38,0.06,0.05,0.03,0.01,0.01,1.03,UpDown
39,0.05,0.05,0.03,0.01,0.01,1.03,UpDown
40,0.06,0.05,0.03,0.01,0.01,1.03,UpDown
41,0.05,0.04,0.03,0.01,0.01,1.03,UpDown
42,0.05,0.04,0.04,0.01,0.01,1.03,UpDown
43,0.05,0.05,0.04,0.01,0.01,1.03,UpDown
44,0.04,0.05,0.03,0.01,0.01,1.03,UpDown
45,0.05,0.04,0.04,0.01,0.01,1.03,UpDown
46,0.05,0.06,0.03,0.01,0.01,1.03,UpDown
47,0.04,0.04,0.04,0.01,0.01,1.03,UpDown
48,0.05,0.04,0.03,0.01,0.01,1.03,UpDown
49,0.05,0.04,0.03,0.01,0.01,1.03,UpDown
50,0.05,0.05,0.04,0.01,0.01,1.03,UpDown
51,0.06,0.04,0.04,0.01,0.01,1.03,UpDown
52,0.05,0.04,0.03,0.01,0.01,1.03,UpDown
53,0.06,0.04,0.03,0.01,0.01,1.03,UpDown
54,0.05,0.05,0.03,0.01,0.01,1.03,UpDown
55,0.06,0.04,0.03,0.01,0.01,1.03,UpDown
56,0.05,0.04,0.03,0.01,0.01,1.03,UpDown
57,0.05,0.04,0.04,0.01,0.01,1.03,UpDown
58,0.05,0.04,0.05,0.01,0.01,1.03,UpDown
59,0.05,0.05,0.04,0.01,0.01,1.03,UpDown
60,0.06,0.04,0.04,0.01,0.01,1.03,UpDown
61,0.06,0.05,0.03,0.01,0.01,1.03,UpDown
62,0.05,0.04,0.03,0.01,0.01,1.03,UpDown
63,0.05,0.04,0.03,0.01,0.01,1.03,UpDown
64,0.06,0.04,0.03,0.01,0.01,1.04,UpDown
65,0.06,0.05,0.04,0.01,0.01,1.04,UpDown
66,0.05,0.04,0.04,0.01,0.01,1.04,UpDown
67,0.06,0.05,0.04,0.01,0.01,1.03,UpDown
68,0.05,0.03,0.03,0.01,0.01,1.03,UpDown
69,0.04,0.05,0.04,0.01,0.01,1.03,UpDown
70,0.06,0.04,0.04,0.01,0.01,1.03,UpDown
71,0.06,0.05,0.04,0.01,0.01,1.03,UpDown
72,0.05,0.05,0.03,0.01,0.01,1.03,UpDown
73,0.06,0.05,0.03,0.01,0.01,1.03,UpDown
74,0.05,0.03,0.04,0.01,0.01,1.03,UpDown
75,0.05,0.05,0.04,0.01,0.01,1.03,UpDown
76,0.05,0.05,0.04,0.01,0.01,1.03,UpDown
77,0.05,0.04,0.04,0.02,0.01,1.03,UpDown
78,0.05,0.05,0.03,0.01,0.01,1.03,UpDown
79,0.05,0.04,0.04,0.01,0.01,1.03,UpDown
80,0.05,0.05,0.03,0.01,0.01,1.03,UpDown
81,0.06,0.05,0.04,0.01,0.01,1.03,UpDown
82,0.06,0.04,0.04,0.01,0.01,1.03,UpDown
83,0.05,0.05,0.03,0.01,0.01,1.03,UpDown
84,0.05,0.05,0.03,0.01,0.01,1.03,UpDown
85,0.05,0.05,0.04,0.02,0.01,1.03,UpDown
86,0.05,0.04,0.04,0.01,0.01,1.04,UpDown
87,0.05,0.05,0.03,0.01,0.01,1.03,UpDown
88,0.05,0.05,0.03,0.01,0.01,1.04,UpDown
89,0.06,0.03,0.03,0.01,0.01,1.03,UpDown
90,0.05,0.05,0.03,0.01,0.01,1.03,UpDown
91,0.06,0.05,0.03,0.01,0.01,1.03,UpDown
92,0.05,0.03,0.03,0.01,0.01,1.04,UpDown
93,0.06,0.05,0.04,0.01,0.01,1.03,UpDown
94,0.06,0.04,0.04,0.01,0.01,1.03,UpDown
95,0.05,0.04,0.03,0.01,0.01,1.04,UpDown
96,0.05,0.04,0.03,0.01,0.01,1.03,UpDown
97,0.05,0.06,0.04,0.01,0.01,1.03,UpDown
98,0.05,0.05,0.04,0.01,0.01,1.03,UpDown
99,0.05,0.04,0.03,0.01,0.01,1.03,UpDown
100,0.06,0.04,0.04,0.01,0.01,1.03,UpDown
101,0.05,0.05,0.03,0.01,0.01,1.03,UpDown
102,0.05,0.05,0.04,0.01,0.01,1.03,UpDown
103,0.06,0.04,0.04,0.01,0.01,1.03,UpDown
104,0.06,0.04,0.02,0.01,0.01,1.03,UpDown
105,0.06,0.04,0.03,0.01,0.01,1.03,UpDown
106,0.06,0.04,0.04,0.01,0.01,1.03,UpDown
107,0.06,0.04,0.04,0.01,0.01,1.03,UpDown
108,0.05,0.05,0.03,0.01,0.01,1.03,UpDown
109,0.05,0.05,0.03,0.01,0.01,1.03,UpDown
110,0.05,0.04,0.03,0.01,0.01,1.03,UpDown
111,0.05,0.05,0.04,0.01,0.01,1.03,UpDown
112,0.06,0.04,0.03,0.01,0.01,1.03,UpDown
113,0.05,0.04,0.04,0.01,0.01,1.03,UpDown
114,0.05,0.04,0.04,0.01,0.01,1.03,UpDown
115,0.05,0.05,0.03,0.01,0.01,1.03,UpDown
116,0.06,0.04,0.03,0.01,0.01,1.03,UpDown
117,0.05,0.04,0.04,0.01,0.01,1.03,UpDown
118,0.06,0.06,0.04,0.01,0.02,1.03,UpDown
119,0.06,0.04,0.04,0.01,0.01,1.03,UpDown
120,0.05,0.05,0.03,0.01,0.01,1.03,UpDown
121,0.04,0.04,0.04,0.01,0.01,1.03,UpDown
122,0.05,0.05,0.04,0.01,0.01,1.03,UpDown
123,0.06,0.04,0.04,0.01,0.01,1.03,UpDown
124,0.05,0.05,0.05,0.01,0.01,1.03,UpDown
125,0.06,0.04,0.03,0.01,0.01,1.03,UpDown
126,0.06,0.05,0.04,0.01,0.01,1.03,UpDown
127,0.05,0.05,0.04,0.01,0.01,1.03,UpDown
128,0.05,0.04,0.03,0.01,0.01,1.03,UpDown
129,0.06,0.04,0.02,0.01,0.01,1.03,UpDown
130,0.05,0.04,0.04,0.01,0.01,1.03,UpDown
131,0.06,0.04,0.04,0.01,0.01,1.03,UpDown
132,0.05,0.04,0.04,0.01,0.01,1.04,UpDown
133,0.05,0.05,0.04,0.01,0.01,1.03,UpDown
134,0.06,0.06,0.04,0.01,0.01,1.03,UpDown
135,0.05,0.05,0.05,0.01,0.01,1.03,UpDown
136,0.06,0.04,0.05,0.01,0.01,1.03,UpDown
137,0.06,0.03,0.04,0.01,0.01,1.03,UpDown
138,0.06,0.05,0.04,0.01,0.01,1.03,UpDown
139,0.05,0.05,0.03,0.01,0.01,1.03,UpDown
140,0.04,0.04,0.04,0.01,0.01,1.03,UpDown
141,0.05,0.05,0.03,0.01,0.01,1.03,UpDown
142,0.05,0.05,0.04,0.01,0.01,1.03,UpDown
143,0.06,0.04,0.04,0.01,0.01,1.03,UpDown
144,0.05,0.05,0.04,0.01,0.01,1.03,UpDown
145,0.06,0.04,0.03,0.01,0.01,1.03,UpDown
146,0.05,0.04,0.04,0.01,0.01,1.03,UpDown
147,0.06,0.04,0.04,0.01,0.01,1.03,UpDown
148,0.05,0.05,0.03,0.01,0.01,1.03,UpDown
149,0.05,0.05,0.04,0.01,0.01,1.03,UpDown
150,0.05,0.05,0.03,0.01,0.01,1.03,UpDown
151,0.05,0.05,0.04,0.01,0.01,1.03,UpDown
152,0.05,0.04,0.04,0.01,0.01,1.03,UpDown
153,0.06,0.04,0.03,0.01,0.01,1.03,UpDown
154,0.05,0.04,0.04,0.01,0.01,1.03,UpDown
155,0.05,0.03,0.03,0.01,0.01,1.03,UpDown
156,0.05,0.04,0.04,0.01,0.01,1.03,UpDown
157,0.06,0.04,0.03,0.01,0.01,1.03,UpDown
158,0.05,0.06,0.03,0.01,0.01,1.03,UpDown
159,0.06,0.05,0.04,0.01,0.01,1.03,UpDown
160,0.05,0.05,0.03,0.01,0.01,1.03,UpDown
161,0.06,0.04,0.04,0.01,0.01,1.03,UpDown
162,0.04,0.04,0.03,0.01,0.01,1.04,UpDown
163,0.05,0.05,0.03,0.01,0.01,1.03,UpDown
164,0.05,0.04,0.03,0.01,0.01,1.03,UpDown
165,0.06,0.05,0.04,0.01,0.01,1.03,UpDown
166,0.05,0.04,0.03,0.01,0.01,1.03,UpDown
167,0.06,0.04,0.04,0.01,0.01,1.03,UpDown
168,0.05,0.05,0.03,0.01,0.01,1.03,UpDown
169,0.06,0.04,0.04,0.01,0.01,1.03,UpDown
170,0.05,0.04,0.04,0.01,0.01,1.03,UpDown
171,0.05,0.05,0.03,0.01,0.01,1.03,UpDown
172,0.04,0.04,0.04,0.01,0.01,1.04,UpDown
173,0.06,0.04,0.03,0.01,0.01,1.03,UpDown
174,0.04,0.04,0.03,0.01,0.01,1.03,UpDown
175,0.05,0.05,0.03,0.01,0.01,1.03,UpDown
176,0.06,0.06,0.04,0.01,0.01,1.03,UpDown
177,0.05,0.04,0.04,0.01,0.01,1.03,UpDown
178,0.05,0.04,0.04,0.01,0.01,1.03,UpDown
179,0.05,0.05,0.03,0.01,0.01,1.03,UpDown
180,0.05,0.05,0.03,0.01,0.01,1.03,UpDown
181,0.05,0.04,0.03,0.01,0.01,1.03,UpDown
182,0.05,0.04,0.04,0.01,0.01,1.03,UpDown
183,0.06,0.05,0.03,0.01,0.01,1.03,UpDown
184,0.05,0.05,0.03,0.01,0.01,1.03,UpDown
185,0.06,0.05,0.05,0.01,0.01,1.04,UpDown
186,0.05,0.05,0.04,0.01,0.01,1.03,UpDown
187,0.05,0.04,0.04,0.01,0.01,1.03,UpDown
188,0.05,0.04,0.04,0.01,0.01,1.04,UpDown
189,0.05,0.05,0.03,0.01,0.01,1.03,UpDown
190,0.05,0.05,0.04,0.01,0.01,1.04,UpDown
191,0.05,0.04,0.05,0.01,0.01,1.03,UpDown
192,0.05,0.05,0.03,0.01,0.01,1.03,UpDown
193,0.05,0.05,0.03,0.01,0.01,1.03,UpDown
194,0.06,0.04,0.03,0.01,0.01,1.03,UpDown
195,0.05,0.05,0.03,0.01,0.01,1.04,UpDown
196,0.05,0.05,0.04,0.01,0.01,1.03,UpDown
197,0.05,0.04,0.03,0.01,0.01,1.03,UpDown
198,0.05,0.05,0.04,0.01,0.01,1.03,UpDown
199,0.05,0.04,0.03,0.01,0.01,1.03,UpDown
200,0.06,0.04,0.03,0.01,0.01,1.04,UpDown
201,0.05,0.05,0.04,0.01,0.01,1.03,UpDown
202,0.05,0.03,0.04,0.01,0.01,1.03,UpDown
203,0.05,0.04,0.04,0.01,0.01,1.03,UpDown
204,0.05,0.05,0.03,0.01,0.01,1.04,UpDown
205,0.05,0.04,0.03,0.01,0.01,1.03,UpDown
206,0.05,0.04,0.03,0.01,0.01,1.03,UpDown
207,0.05,0.04,0.05,0.01,0.01,1.03,UpDown
208,0.06,0.05,0.03,0.01,0.01,1.03,UpDown
209,0.05,0.05,0.04,0.01,0.01,1.03,UpDown
210,0.05,0.05,0.04,0.01,0.01,1.03,UpDown
211,0.05,0.04,0.05,0.01,0.01,1.03,UpDown
212,0.04,0.04,0.03,0.01,0.01,1.03,UpDown
213,0.05,0.04,0.04,0.01,0.01,1.03,UpDown
214,0.05,0.04,0.03,0.01,0.01,1.03,UpDown
215,0.05,0.04,0.04,0.01,0.01,1.03,UpDown
216,0.05,0.05,0.03,0.01,0.01,1.03,UpDown
217,0.05,0.04,0.03,0.01,0.01,1.03,UpDown
218,0.04,0.05,0.03,0.01,0.01,1.04,UpDown
219,0.05,0.04,0.03,0.01,0.01,1.03,UpDown
220,0.06,0.06,0.03,0.01,0.01,1.03,UpDown
221,0.05,0.04,0.04,0.01,0.01,1.03,UpDown
222,0.05,0.04,0.04,0.01,0.01,1.03,UpDown
223,0.05,0.04,0.04,0.01,0.01,1.03,UpDown
224,0.05,0.05,0.04,0.01,0.01,1.03,UpDown
225,0.05,0.04,0.03,0.01,0.01,1.04,UpDown
226,0.05,0.04,0.03,0.01,0.01,1.03,UpDown
227,0.05,0.04,0.03,0.01,0.01,1.03,UpDown
228,0.06,0.04,0.04,0.01,0.01,1.03,UpDown
229,0.06,0.04,0.03,0.01,0.01,1.03,UpDown
230,0.05,0.05,0.04,0.01,0.01,1.03,UpDown
231,0.05,0.05,0.03,0.01,0.01,1.03,UpDown
232,0.06,0.04,0.04,0.01,0.01,1.03,UpDown
233,0.06,0.04,0.04,0.01,0.01,1.03,UpDown
234,0.05,0.04,0.03,0.01,0.01,1.03,UpDown
235,0.06,0.04,0.04,0.01,0.01,1.03,UpDown
236,0.05,0.04,0.03,0.01,0.01,1.03,UpDown
237,0.05,0.05,0.04,0.01,0.01,1.03,UpDown
238,0.05,0.05,0.03,0.01,0.01,1.03,UpDown
239,0.05,0.05,0.03,0.01,0.01,1.03,UpDown
240,0.05,0.04,0.04,0.01,0.01,1.03,UpDown
241,0.05,0.05,0.02,0.01,0.01,1.03,UpDown
242,0.04,0.05,0.05,0.01,0.01,1.03,UpDown
243,0.05,0.05,0.03,0.01,0.01,1.03,UpDown
244,0.05,0.05,0.04,0.01,0.01,1.03,UpDown
245,0.06,0.04,0.04,0.01,0.01,1.03,UpDown
246,0.05,0.04,0.03,0.01,0.01,1.03,UpDown
247,0.06,0.05,0.03,0.02,0.01,1.04,UpDown
248,0.05,0.04,0.03,0.01,0.01,1.03,UpDown
249,0.04,0.04,0.03,0.01,0.01,1.03,UpDown
250,0.06,0.04,0.04,0.01,0.01,1.03,UpDown
251,0.05,0.04,0.03,0.01,0.01,1.03,UpDown
252,0.05,0.05,0.04,0.01,0.01,1.03,UpDown
253,0.05,0.04,0.03,0.01,0.01,1.03,UpDown
254,0.06,0.04,0.03,0.01,0.01,1.03,UpDown
255,0.05,0.04,0.03,0.01,0.01,1.03,UpDown
256,0.06,0.05,0.03,0.01,0.01,1.03,UpDown
257,0.05,0.04,0.03,0.01,0.01,1.03,UpDown
258,0.06,0.04,0.04,0.01,0.01,1.03,UpDown
259,0.05,0.04,0.03,0.01,0.01,1.03,UpDown
260,0.05,0.04,0.03,0.01,0.01,1.03,UpDown
261,0.06,0.05,0.03,0.01,0.01,1.04,UpDown
262,0.06,0.05,0.04,0.01,0.01,1.03,UpDown
263,0.05,0.04,0.03,0.01,0.01,1.03,UpDown
264,0.05,0.05,0.02,0.01,0.02,1.03,UpDown
265,0.05,0.05,0.04,0.01,0.02,1.03,UpDown
266,0.05,0.05,0.04,0.01,0.01,1.04,UpDown
267,0.08,0.07,0.06,0.02,0,1.04,UpDown
268,-1.11,0.76,0.28,0.05,0.09,1.18,UpDown
269,-2.44,1.11,0.25,-0.08,0,1.63,UpDown
270,3.04,-0.69,0.86,-0.04,-0.22,1.46,UpDown
271,3.51,-1.07,0.7,-0.05,0.03,0.92,UpDown
272,0.71,-0.58,0.44,0.02,0.07,0.74,UpDown
273,0.58,-0.78,0.1,0.09,0.08,0.81,UpDown
274,0.84,0.12,0.02,0.1,0.06,0.95,UpDown
275,1.01,0.14,-0.22,0.05,0.12,0.88,UpDown
276,0.02,-0.41,0.09,0.02,0.14,0.88,UpDown
277,-0.01,0.25,0.1,0.05,0.12,0.92,UpDown
278,0.11,-0.01,0.12,0.04,0.11,0.9,UpDown
279,-0.28,0.08,0.11,0.06,0.11,0.95,UpDown
280,-0.15,0.19,0.09,0.06,0.11,0.98,UpDown
281,-0.21,0.07,0.07,0.03,0.09,0.99,UpDown
282,-0.22,0.33,-0.01,0.04,0.1,1.01,UpDown
283,-0.03,-0.03,0.17,0.03,0.1,1.02,UpDown
284,-0.17,0.07,0.08,0.06,0.11,0.98,UpDown
285,-0.11,0.25,0.08,0.04,0.11,0.95,UpDown
286,0.01,0.05,-0.02,0.04,0.1,0.89,UpDown
287,-0.52,0.22,-0.14,0.07,0.1,0.87,UpDown
288,-0.56,0.34,-0.31,0.05,0.09,0.98,UpDown
289,-0.36,0.31,-0.27,0.05,0.06,1.11,UpDown
290,-0.25,0.81,-0.51,0.04,0.09,1.13,UpDown
291,-0.19,0.21,-0.26,-0.07,0.07,1.18,UpDown
292,0.41,0.1,-0.15,-0.02,0.08,1.1,UpDown
293,-0.18,0.22,-0.13,-0.03,0.08,1.09,UpDown
294,-0.3,0.01,0.08,-0.03,0.07,1.07,UpDown
295,-0.04,-0.07,0.14,0,0.06,1.08,UpDown
296,-0.22,0.22,0.02,0.01,0.05,1.07,UpDown
297,-0.05,0.14,0.02,0,0.06,1.05,UpDown
298,0,-0.09,0.07,0,0.05,1.06,UpDown
299,0.03,-0.1,0.09,0.01,0.05,1.04,UpDown
300,-0.08,0.06,0.01,0.02,0.05,1.03,UpDown
301,-0.05,0.02,0.06,0,0.05,1.04,UpDown
302,0.11,-0.03,0.09,0,0.03,1.03,UpDown
303,-0.02,0.02,0.03,0.01,0.03,1.04,UpDown
304,0.11,0.07,0.02,0.01,0.04,1.03,UpDown
305,0.02,-0.04,0.07,0,0.04,1.06,UpDown
306,0.09,0.09,0.02,0.01,0.05,1.07,UpDown
307,-0.35,0.1,-0.02,0,0.03,1.21,UpDown
308,0.18,0,0.17,-0.04,0,1.4,UpDown
309,1.03,-0.43,0.37,-0.05,0.02,1.31,UpDown
310,1.02,-0.72,0.36,0.01,0.02,1.2,UpDown
311,1.47,-0.84,0.44,0.05,0.02,1.13,UpDown
312,1.58,-0.47,0.22,0.06,0.08,0.97,UpDown
313,0.91,-0.03,0.17,0.05,0.13,0.89,UpDown
314,1.26,-0.5,0.29,0.09,0.15,0.73,UpDown
315,0,-0.01,-0.05,0.12,0.19,0.72,UpDown
316,-0.23,0.14,-0.18,0.09,0.17,0.85,UpDown
317,0.14,0.01,-0.1,0.08,0.16,0.91,UpDown
318,-0.08,0.32,-0.11,0.07,0.17,0.92,UpDown
319,-0.25,0.26,0.06,0.04,0.16,0.97,UpDown
320,-0.13,0.45,0.07,0.06,0.17,0.95,UpDown
321,-0.09,0.06,0.15,0.06,0.14,0.95,UpDown
322,-0.48,0.21,0.1,0.06,0.13,1,UpDown
323,-0.16,0.27,0.04,0.06,0.13,1.01,UpDown
324,-0.01,0.24,0,0.05,0.13,1,UpDown
325,-0.04,0.08,-0.01,0.05,0.13,0.96,UpDown
326,0.05,0.26,-0.04,0.04,0.14,0.9,UpDown
327,-0.23,0.46,-0.32,0.07,0.15,0.84,UpDown
328,-0.39,0.58,-0.18,0.07,0.13,0.87,UpDown
329,-0.3,0.19,-0.34,0.05,0.11,0.88,UpDown
330,-0.88,0.56,-0.45,0.03,0.09,0.96,UpDown
331,-0.71,0.31,-0.35,0,0.05,1.08,UpDown
332,-0.79,0.71,-0.55,0.01,0.07,1.17,UpDown
333,-0.12,0.43,-0.36,-0.05,0.06,1.2,UpDown
334,-0.21,0.33,-0.27,-0.07,0.09,1.15,UpDown
335,0.15,-0.15,-0.11,-0.09,0.07,1.17,UpDown
336,0.16,-0.08,0.14,-0.05,0.08,1.13,UpDown
337,0.11,0.07,0.15,-0.02,0.07,1.11,UpDown
338,0.06,0.09,0.09,-0.04,0.06,1.1,UpDown
339,-0.03,0.08,0.08,-0.03,0.06,1.04,UpDown
340,-0.09,0.07,0.11,-0.03,0.06,1.05,UpDown
341,0.13,0.05,0.1,-0.01,0.05,1.06,UpDown
342,0.16,0.02,0.03,-0.02,0.06,1.03,UpDown
343,-0.05,0.17,0.07,-0.03,0.05,1.02,UpDown
344,0.14,-0.04,0.1,-0.02,0.05,1.01,UpDown
345,0.02,0.14,0.08,-0.02,0.04,1.01,UpDown
346,0.09,0.1,0.04,-0.03,0.04,1.04,UpDown
347,0,0.01,0.13,-0.03,0.05,1.01,UpDown
348,0.02,0.06,0.03,-0.02,0.05,1.03,UpDown
349,0.1,0.15,0.06,-0.03,0.05,1.04,UpDown
350,0.06,-0.06,0.07,-0.03,0.06,1.06,UpDown
351,-0.03,0.04,0.11,-0.02,0.05,1.22,UpDown
352,0.54,0.27,0.08,-0.05,0.04,1.33,UpDown
353,0.62,0.15,0.33,-0.09,0.07,1.33,UpDown
354,0.76,-0.04,0.48,-0.06,0.06,1.27,UpDown
355,0.91,-0.49,0.5,-0.03,0.05,1.1,UpDown
356,1.56,-0.49,0.48,0.01,0.08,0.98,UpDown
357,1.25,-0.07,0.27,0.03,0.14,0.79,UpDown
358,0.15,-0.15,0.11,0,0.16,0.78,UpDown
359,0.33,-0.25,0.07,0,0.15,0.81,UpDown
360,0.04,0.03,-0.01,0.02,0.16,0.84,UpDown
361,0.11,-0.16,0.01,0.01,0.14,0.91,UpDown
362,-0.03,0.22,0.04,0.01,0.16,0.88,UpDown
363,-0.38,0.21,0.06,-0.02,0.14,0.96,UpDown
364,-0.29,0.05,0.09,0.01,0.16,0.97,UpDown
365,-0.18,0.04,0.06,0,0.14,1.05,UpDown
366,0.01,0.33,0.08,0.01,0.15,1.04,UpDown
367,-0.01,0.15,0.08,-0.01,0.15,1.05,UpDown
368,0.16,-0.05,0.13,0,0.15,1.01,UpDown
369,0.02,0.13,0.04,-0.01,0.15,0.99,UpDown
370,0.36,-0.22,0.09,0,0.16,0.9,UpDown
371,0.18,0.2,-0.04,0.03,0.17,0.81,UpDown
372,-0.28,0.12,-0.12,0.01,0.15,0.8,UpDown
373,-0.41,0.54,-0.26,0.02,0.13,0.91,UpDown
374,-0.4,0.3,-0.43,0.03,0.13,0.9,UpDown
375,-1.06,0.53,-0.58,-0.01,0.1,1.03,UpDown
376,-0.56,0.56,-0.46,-0.02,0.08,1.1,UpDown
377,0.06,0.27,-0.4,-0.05,0.09,1.12,UpDown
378,-0.16,0.11,-0.2,-0.09,0.1,1.13,UpDown
379,-0.39,0.31,-0.23,-0.08,0.09,1.13,UpDown
380,-0.13,0.06,-0.16,-0.1,0.08,1.21,UpDown
381,-0.26,0.31,0.03,-0.09,0.09,1.17,UpDown
382,0.32,-0.03,0.13,-0.08,0.09,1.11,UpDown
383,-0.04,0.09,0.13,-0.07,0.09,1.08,UpDown
384,-0.05,0.08,0.06,-0.06,0.08,1.05,UpDown
385,0.12,-0.12,0.11,-0.06,0.08,1.04,UpDown
386,0.03,-0.04,0.08,-0.05,0.07,1.03,UpDown
387,-0.06,0.13,0.05,-0.06,0.07,1.02,UpDown
388,-0.05,0.11,0.07,-0.06,0.07,1.04,UpDown
389,0.08,-0.01,0.1,-0.06,0.07,1.02,UpDown
390,0.03,0.09,0.09,-0.06,0.07,1.03,UpDown
391,-0.02,0.12,0.1,-0.05,0.07,1.04,UpDown
392,0.11,0.05,0.07,-0.06,0.07,1.07,UpDown
393,0.2,0.09,0.04,-0.06,0.07,1.08,UpDown
394,0.11,0.08,0.1,-0.07,0.06,1.13,UpDown
395,0.46,0.03,0.18,-0.08,0.09,1.11,UpDown
396,0.26,0.23,0.12,-0.08,0.09,1.15,UpDown
397,0.16,0.25,0.19,-0.08,0.1,1.14,UpDown
398,0.46,-0.25,0.22,-0.09,0.1,1.1,UpDown
399,0.19,0.09,0.23,-0.07,0.1,1.1,UpDown
400,0.75,-0.21,0.24,-0.05,0.1,1.04,UpDown
401,0.54,-0.03,0.2,-0.03,0.11,0.97,UpDown
402,0.46,-0.09,0.18,-0.07,0.11,0.95,UpDown
403,0.5,-0.33,0.14,-0.03,0.11,0.96,UpDown
404,0.31,-0.1,0.06,-0.02,0.12,0.93,UpDown
405,0.44,0.08,0.02,-0.03,0.13,0.92,UpDown
406,0.31,-0.22,0.1,-0.04,0.13,0.96,UpDown
407,0.18,0.04,0.13,-0.04,0.16,0.91,UpDown
408,0.1,0.16,0.06,-0.03,0.17,0.9,UpDown
409,-0.06,0.04,0.14,-0.04,0.16,0.94,UpDown
410,-0.17,0.12,0.05,-0.02,0.16,0.97,UpDown
411,-0.13,-0.06,0.02,-0.02,0.15,1.02,UpDown
412,-0.08,0.17,0.03,-0.04,0.14,1.05,UpDown
413,-0.06,0.07,0.02,-0.04,0.16,1.01,UpDown
414,0.04,0.09,0.07,-0.03,0.15,1.02,UpDown
415,-0.01,-0.02,0.08,-0.04,0.15,1,UpDown
416,-0.07,0.01,0.05,-0.03,0.14,1,UpDown
417,-0.09,0.1,0.02,-0.03,0.14,1,UpDown
418,-0.03,0.03,-0.04,-0.04,0.14,1.01,UpDown
419,0.03,0.19,0,-0.04,0.14,1,UpDown
420,-0.04,0.02,0.03,-0.04,0.14,0.97,UpDown
421,0,0.04,-0.01,-0.02,0.14,0.91,UpDown
422,0.01,0.14,-0.15,-0.02,0.14,0.84,UpDown
423,-0.33,0.19,-0.31,-0.01,0.13,0.9,UpDown
424,-0.12,0.38,-0.37,-0.03,0.1,0.91,UpDown
425,-0.89,0.53,-0.49,-0.04,0.11,0.98,UpDown
426,-0.24,-0.29,-0.21,-0.08,0.07,1.06,UpDown
427,-0.49,0.54,-0.55,-0.04,0.09,1.07,UpDown
428,0.03,-0.01,-0.46,-0.1,0.07,1.14,UpDown
429,-0.51,0.23,-0.24,-0.12,0.08,1.07,UpDown
430,-0.04,-0.37,-0.12,-0.12,0.04,1.24,UpDown
431,0.01,0.06,0.09,-0.12,0.07,1.21,UpDown
432,0.18,-0.17,0.13,-0.09,0.1,1.15,UpDown
433,0.32,-0.12,0.31,-0.09,0.09,1.09,UpDown
434,-0.13,0.01,0.19,-0.07,0.11,1.01,UpDown
435,-0.03,0,0.14,-0.05,0.08,1.02,UpDown
436,-0.08,0.08,0.03,-0.05,0.07,1.05,UpDown
437,0.14,0.03,0.06,-0.04,0.07,1.01,UpDown
438,-0.03,-0.01,0.01,-0.06,0.06,1.02,UpDown
439,-0.09,0.17,0.04,-0.06,0.05,1.04,UpDown
440,0.07,0.04,0.05,-0.06,0.06,1.03,UpDown
441,0.01,-0.1,0.05,-0.06,0.06,1.08,UpDown
442,0.08,0.12,0.02,-0.06,0.07,1.09,UpDown
443,0.28,-0.01,0.12,-0.07,0.07,1.11,UpDown
444,0.24,-0.06,0.03,-0.07,0.07,1.12,UpDown
445,0.16,0.13,0.07,-0.06,0.09,1.17,UpDown
446,0.45,0.02,0.02,-0.07,0.09,1.18,UpDown
447,0.21,0.1,0.08,-0.05,0.1,1.14,UpDown
448,0.24,0.35,0.18,-0.06,0.09,1.12,UpDown
449,1.09,-0.35,0.22,-0.07,0.07,1.04,UpDown
450,0.44,0.3,0.06,-0.02,0.09,0.91,UpDown
451,0.67,-0.42,0.27,-0.11,0.07,0.95,UpDown
452,0.7,-0.3,0.33,-0.04,0.13,0.83,UpDown
453,0.04,0.15,0.26,-0.04,0.12,0.94,UpDown
454,0.8,-0.3,0.26,-0.02,0.13,0.9,UpDown
455,-0.17,0.17,0.16,-0.02,0.16,0.89,UpDown
456,0.05,0.01,0.12,-0.02,0.16,0.9,UpDown
457,-0.25,0.05,0.01,-0.02,0.15,0.97,UpDown
458,0.03,-0.05,0.01,-0.03,0.14,1.03,UpDown
459,0.01,0.15,-0.01,-0.03,0.15,1.04,UpDown
460,0.2,-0.08,0.07,-0.03,0.16,1.02,UpDown
461,0.01,0.04,0.06,-0.04,0.16,1,UpDown
462,-0.04,-0.01,0.07,-0.03,0.16,0.99,UpDown
463,0.08,-0.12,0.07,-0.04,0.15,0.99,UpDown
464,-0.19,0.23,0.05,-0.03,0.15,1,UpDown
465,-0.06,0.01,0.07,-0.04,0.15,0.99,UpDown
466,-0.08,-0.01,0.04,-0.01,0.14,0.97,UpDown
467,-0.08,0.22,0.02,-0.04,0.14,0.93,UpDown
468,-0.1,-0.13,0.04,-0.03,0.13,0.94,UpDown
469,-0.01,0.07,-0.15,0.02,0.13,0.89,UpDown
470,-0.41,-0.04,-0.44,-0.01,0.09,0.94,UpDown
471,-0.5,0.29,-0.26,0.02,0.08,0.94,UpDown
472,-0.69,0.12,-0.36,-0.04,0.07,1.04,UpDown
473,-0.4,0.03,-0.29,-0.05,0.05,1.17,UpDown
474,-0.39,0.15,-0.19,-0.06,0.09,1.11,UpDown
475,-0.63,0.49,0.18,-0.11,0.08,1.11,UpDown
476,-0.13,-0.16,0.26,-0.09,0.07,1.15,UpDown
477,0.28,0.03,-0.02,-0.06,0.05,1.17,UpDown
478,0.15,0.06,0.11,-0.06,0.07,1.12,UpDown
479,0.08,0.05,0.09,-0.04,0.08,1.05,UpDown
480,-0.02,0.16,0.03,-0.04,0.08,1.03,UpDown
481,0.09,-0.11,0.1,-0.05,0.07,1.02,UpDown
482,-0.13,-0.01,0.01,-0.04,0.06,1.04,UpDown
483,-0.02,0.14,0.01,-0.04,0.06,1.03,UpDown
484,0.03,-0.09,0.08,-0.05,0.05,1.02,UpDown
485,0.1,0.01,0.08,-0.04,0.06,1.03,UpDown
486,0.01,0.01,0,-0.05,0.05,1.05,UpDown
487,0.07,0.1,-0.1,-0.04,0.06,1.02,UpDown
488,-0.08,0.08,-0.06,-0.05,0.05,1.09,UpDown
489,0.03,0.08,-0.08,-0.06,0.06,1.14,UpDown
490,0.3,-0.05,0,-0.06,0.06,1.15,UpDown
491,0.13,-0.06,0,-0.07,0.06,1.2,UpDown
492,0.48,-0.02,0.17,-0.08,0.07,1.22,UpDown
493,1,-0.12,0.33,-0.05,0.08,1.11,UpDown
494,0.76,-0.22,0.45,-0.05,0.08,1.05,UpDown
495,0.25,0.3,0.42,-0.01,0.1,1,UpDown
496,0.85,0.36,0.26,-0.02,0.09,1,UpDown
497,0.98,-0.3,0.17,-0.01,0.11,0.91,UpDown
498,0.46,0.07,0.12,-0.04,0.12,0.91,UpDown
499,0.5,-0.12,0.22,-0.03,0.14,0.88,UpDown
500,0.01,-0.3,0.23,-0.05,0.14,0.92,UpDown
501,0,0.1,0.08,-0.02,0.16,0.93,UpDown
502,-0.17,0.05,0.13,0,0.15,0.98,UpDown
503,-0.04,0.07,0.03,-0.01,0.15,1,UpDown
504,-0.22,0.13,-0.01,-0.02,0.16,1.01,UpDown
505,-0.09,0.22,0.03,-0.02,0.15,1.02,UpDown
506,-0.03,0.07,0.06,-0.03,0.15,1.02,UpDown
507,-0.14,0.21,-0.01,-0.02,0.15,1.03,UpDown
508,0.06,0.11,0.03,-0.02,0.15,0.99,UpDown
509,-0.14,0.14,0.06,-0.05,0.14,1,UpDown
510,-0.06,0.06,0.08,-0.04,0.14,0.94,UpDown
511,-0.15,0.36,-0.01,-0.01,0.13,0.94,UpDown
512,-0.15,0.28,-0.02,-0.02,0.13,0.93,UpDown
513,-0.3,-0.06,-0.01,-0.03,0.13,0.91,UpDown
514,-0.56,0.09,-0.24,-0.02,0.1,0.94,UpDown
515,-0.31,0.08,-0.18,-0.01,0.05,0.99,UpDown
516,-0.49,-0.2,-0.15,-0.04,0.08,1.03,UpDown
517,-0.47,0.12,-0.26,-0.02,0.04,1.11,UpDown
518,-0.28,0.13,-0.32,-0.03,0.06,1.09,UpDown
519,-0.11,0.15,-0.26,-0.07,0.06,1.11,UpDown
520,-0.06,-0.12,-0.06,-0.09,0.06,1.14,UpDown
521,-0.12,-0.12,0.09,-0.06,0.06,1.1,UpDown
522,0.13,0.16,-0.01,-0.05,0.05,1.06,UpDown
523,-0.19,0,0.03,-0.05,0.06,1.07,UpDown
524,0.09,0.07,-0.04,-0.03,0.06,1.05,UpDown
525,0.06,0.05,0.04,-0.06,0.06,1.04,UpDown
526,-0.11,0.07,0.03,-0.06,0.06,1.05,UpDown
527,0.18,-0.07,0.1,-0.04,0.06,1.04,UpDown
528,-0.04,0.01,0.04,-0.04,0.05,1.05,UpDown
529,0.16,0.12,0.03,-0.04,0.06,1.06,UpDown
530,0.26,0.02,0.02,-0.04,0.05,1.09,UpDown
531,0.35,0.11,0.01,-0.04,0.05,1.17,UpDown
532,0.53,0.05,0.07,-0.06,0.07,1.15,UpDown
533,0.5,-0.07,0.18,-0.07,0.09,1.15,UpDown
534,0.58,-0.03,0.3,-0.07,0.09,1.13,UpDown
535,0.37,0.25,0.31,-0.06,0.1,1.09,UpDown
536,0.7,-0.49,0.42,-0.07,0.08,1.1,UpDown
537,0.66,-0.27,0.33,-0.02,0.11,1.03,UpDown
538,0.33,0.68,0.06,-0.02,0.12,1.01,UpDown
539,0.63,0.57,0.22,-0.06,0.12,1.01,UpDown
540,0.81,-0.39,0.21,-0.05,0.14,0.91,UpDown
541,0.35,0.41,0.14,-0.03,0.14,0.89,UpDown
542,0.49,-0.25,0.08,-0.05,0.14,0.92,UpDown
543,0.11,-0.14,0.15,-0.04,0.17,0.88,UpDown
544,-0.05,0.19,0.08,-0.03,0.18,0.9,UpDown
545,-0.14,-0.07,0.03,-0.03,0.17,0.93,UpDown
546,-0.11,0.07,0.09,-0.02,0.14,1.02,UpDown
547,-0.08,0,0.02,-0.03,0.16,1.01,UpDown
548,-0.04,0.14,0.02,-0.03,0.17,1.02,UpDown
549,-0.03,0.05,0.06,-0.05,0.16,1.04,UpDown
550,0.04,0.03,0.08,-0.04,0.17,1.01,UpDown
551,0.22,-0.31,0.06,-0.05,0.16,1,UpDown
552,-0.08,-0.04,0.07,-0.03,0.17,0.95,UpDown
553,0.03,-0.03,0.04,-0.03,0.17,0.93,UpDown
554,-0.06,-0.12,-0.06,-0.02,0.17,0.89,UpDown
555,-0.37,0.37,-0.34,-0.02,0.16,0.95,UpDown
556,-0.35,0.03,-0.21,-0.04,0.15,0.98,UpDown
557,-0.66,0.03,-0.12,-0.01,0.12,0.99,UpDown
558,-0.54,0.17,-0.34,-0.02,0.1,1.07,UpDown
559,-0.12,0.29,-0.14,-0.04,0.11,1.03,UpDown
560,-0.49,0.14,-0.25,-0.05,0.1,1.03,UpDown
561,-0.5,0.33,-0.38,-0.03,0.08,1.05,UpDown
562,-0.43,0.27,-0.21,-0.06,0.07,1.11,UpDown
563,-0.33,0.28,-0.13,-0.08,0.06,1.15,UpDown
564,-0.35,0.18,-0.08,-0.07,0.07,1.13,UpDown
565,0.01,-0.04,0.1,-0.07,0.07,1.1,UpDown
566,0.05,-0.08,0.1,-0.06,0.07,1.06,UpDown
567,-0.12,0.12,-0.01,-0.07,0.06,1.08,UpDown
568,0.11,-0.01,0.09,-0.07,0.06,1.05,UpDown
569,0.07,-0.06,0.07,-0.06,0.06,1.04,UpDown
570,-0.07,0.14,0,-0.07,0.05,1.05,UpDown
571,0.08,-0.02,0.08,-0.06,0.06,1.04,UpDown
572,0.09,-0.01,0.04,-0.06,0.05,1.05,UpDown
573,0,0.12,-0.01,-0.06,0.06,1.04,UpDown
574,0.14,0.1,0.06,-0.07,0.05,1.08,UpDown
575,0.14,-0.01,0.14,-0.09,0.05,1.15,UpDown
576,0.32,0.02,0.17,-0.09,0.07,1.17,UpDown
577,0.45,-0.16,0.36,-0.09,0.07,1.15,UpDown
578,0.15,-0.23,0.42,-0.08,0.06,1.14,UpDown
579,0.62,0.13,0.37,-0.06,0.08,1.07,UpDown
580,0.55,0,0.35,-0.04,0.08,1.05,UpDown
581,0.54,0.06,0.18,-0.03,0.08,1.03,UpDown
582,0.43,0.63,0.06,-0.02,0.1,1.01,UpDown
583,1.01,-0.24,0.19,-0.07,0.09,1,UpDown
584,0.62,-0.2,0.1,-0.05,0.13,0.91,UpDown
585,0.45,-0.02,0.06,-0.06,0.13,0.92,UpDown
586,0.4,-0.26,0.18,-0.06,0.14,0.95,UpDown
587,0.26,-0.01,0.14,-0.04,0.17,0.92,UpDown
588,0.06,-0.04,0.12,-0.03,0.17,0.97,UpDown
589,0.13,0.06,0.07,-0.02,0.18,0.96,UpDown
590,-0.06,0.16,0.03,-0.05,0.17,0.98,UpDown
591,-0.05,0.07,0.07,-0.03,0.17,0.99,UpDown
592,0,0.08,0.09,-0.05,0.15,1.05,UpDown
593,-0.03,0.1,0.07,-0.04,0.16,1.02,UpDown
594,0.06,0.02,0.11,-0.04,0.16,1,UpDown
595,-0.05,-0.02,0.09,-0.05,0.16,0.97,UpDown
596,-0.15,0.17,0.05,-0.04,0.16,0.98,UpDown
597,-0.08,0.04,0.07,-0.04,0.15,0.99,UpDown
598,-0.12,0.1,0.06,-0.05,0.15,1.01,UpDown
599,-0.08,0.21,0.06,-0.04,0.15,0.98,UpDown
600,-0.02,-0.08,0.04,-0.04,0.14,0.97,UpDown
601,-0.27,0.1,0.04,-0.05,0.14,0.98,UpDown
602,0.04,-0.09,-0.02,-0.03,0.14,0.95,UpDown
603,-0.01,-0.12,-0.08,-0.02,0.13,0.94,UpDown
604,-0.19,0.15,-0.22,-0.04,0.11,0.99,UpDown
605,0.26,0.83,-0.24,-0.04,0.13,1.01,UpDown
606,-0.58,0.51,-0.31,-0.06,0.12,1.1,UpDown
607,-0.1,0.07,-0.22,-0.09,0.11,1.12,UpDown
608,-0.12,-0.19,-0.13,-0.1,0.12,1.04,UpDown
609,-0.69,-0.11,-0.14,-0.09,0.12,1.02,UpDown
610,-0.33,-0.04,-0.05,-0.04,0.1,1.02,UpDown
611,-0.28,-0.02,-0.15,-0.07,0.06,1.12,UpDown
612,-0.18,0.12,-0.07,-0.06,0.07,1.09,UpDown
613,-0.3,-0.04,-0.05,-0.07,0.08,1.08,UpDown
614,0.13,-0.18,0.05,-0.06,0.09,1.07,UpDown
615,0.1,-0.07,0,-0.05,0.08,1.06,UpDown
616,-0.15,0.11,-0.11,-0.07,0.07,1.05,UpDown
617,0.19,-0.08,0.07,-0.06,0.07,1.03,UpDown
618,-0.07,0,0.01,-0.05,0.07,1.05,UpDown
619,0.03,0.05,-0.02,-0.05,0.07,1.04,UpDown
620,0.07,-0.05,0.03,-0.06,0.06,1.06,UpDown
621,0.04,0.07,0.05,-0.05,0.06,1.1,UpDown
622,0.24,-0.03,0.03,-0.05,0.07,1.12,UpDown
623,0.49,-0.15,0.17,-0.07,0.07,1.16,UpDown
624,0.77,-0.51,0.23,-0.07,0.08,1.12,UpDown
625,0.64,-0.04,0.06,-0.03,0.08,1.09,UpDown
626,0.57,0.04,0.04,-0.02,0.09,1.11,UpDown
627,0.85,-0.2,-0.05,-0.02,0.12,1.06,UpDown
628,0.36,0.42,-0.22,-0.04,0.13,1.02,UpDown
629,0.42,0.62,-0.13,-0.04,0.14,0.98,UpDown
630,0.38,-0.04,0.09,-0.07,0.14,0.99,UpDown
631,0.64,0.08,0.12,-0.04,0.15,0.94,UpDown
632,0.17,0.07,0.08,-0.04,0.18,0.9,UpDown
633,0.41,-0.12,0.22,-0.05,0.16,0.94,UpDown
634,0.26,0.13,0.18,-0.02,0.18,0.9,UpDown
635,-0.21,0.28,0.03,-0.03,0.17,0.97,UpDown
636,0.13,0.21,0.08,-0.04,0.17,1.01,UpDown
637,0.08,0.12,0.07,-0.04,0.19,0.94,UpDown
638,-0.12,0.09,0.13,-0.06,0.18,0.94,UpDown
639,-0.32,0.28,0.09,-0.05,0.19,0.93,UpDown
640,-0.42,0,0.14,-0.06,0.17,1.01,UpDown
641,-0.15,0.14,0.12,-0.05,0.16,1,UpDown
642,-0.25,0.04,0.08,-0.05,0.16,0.98,UpDown
643,-0.29,-0.09,0.08,-0.04,0.15,0.99,UpDown
644,-0.35,-0.37,0.07,-0.06,0.15,0.98,UpDown
645,-0.32,-0.22,0.09,-0.03,0.13,1,UpDown
646,-0.36,0.23,0.03,-0.03,0.12,1.05,UpDown
647,-0.18,0.06,-0.07,-0.05,0.12,1.01,UpDown
648,-0.31,0.18,0.04,-0.03,0.12,0.96,UpDown
649,-0.23,0.05,-0.06,-0.04,0.08,1.01,UpDown
650,-0.44,0.45,-0.26,-0.05,0.09,0.97,UpDown
651,-0.46,-0.12,-0.08,-0.08,0.06,1.05,UpDown
652,-0.31,0.19,-0.45,-0.03,0.06,1.02,UpDown
653,-0.52,-0.08,-0.3,-0.08,0.03,1.18,UpDown
654,0.07,0,0.06,-0.03,0.05,1.12,UpDown
655,-0.22,0.41,-0.09,-0.07,0.05,1.12,UpDown
656,0.24,-0.02,0.04,-0.06,0.06,1.03,UpDown
657,-0.19,-0.07,0.04,-0.09,0.06,1.06,UpDown
658,0.08,0.01,-0.06,-0.05,0.07,1.06,UpDown
659,0.62,-0.3,0.16,-0.07,0.05,1.08,UpDown
660,-0.17,0.19,-0.1,-0.05,0.08,0.99,UpDown
661,0.22,-0.22,0.11,-0.06,0.06,1.03,UpDown
662,-0.01,0.04,0.09,-0.06,0.06,1.05,UpDown
663,0.05,0.01,0.09,-0.05,0.06,1.05,UpDown
664,-0.01,0.03,0.1,-0.05,0.06,1.07,UpDown
665,0.14,-0.02,0.12,-0.04,0.07,1.08,UpDown
666,0.23,0.02,0.07,-0.04,0.06,1.13,UpDown
667,0.38,0,0.15,-0.06,0.07,1.14,UpDown
668,0.56,-0.06,0.27,-0.06,0.08,1.11,UpDown
669,0.62,-0.23,0.37,-0.06,0.08,1.14,UpDown
670,0.63,0,0.32,-0.04,0.09,1.09,UpDown
671,0.29,0.2,0.4,-0.03,0.1,1.07,UpDown
672,-0.05,0.61,0.34,-0.04,0.1,1.05,UpDown
673,0.28,0.3,0.27,-0.04,0.09,1.04,UpDown
674,0.43,0.56,0.17,-0.05,0.09,1.03,UpDown
675,0.8,0.03,0.21,-0.04,0.11,0.97,UpDown
676,0.43,0.12,0.2,-0.06,0.11,0.94,UpDown
677,0.52,-0.17,0.16,-0.06,0.13,0.91,UpDown
678,0.02,0.06,0.11,-0.06,0.15,0.91,UpDown
679,0.25,0.04,0.12,-0.06,0.16,0.93,UpDown
680,0.07,0.1,0.16,-0.05,0.15,0.93,UpDown
681,-0.19,0.05,0.07,-0.05,0.15,0.99,UpDown
682,0.23,-0.08,0.12,-0.04,0.15,1.02,UpDown
683,0,0.21,0.02,-0.03,0.16,1,UpDown
684,0.06,0.02,0.07,-0.07,0.16,0.99,UpDown
685,-0.25,-0.05,0.06,-0.05,0.17,0.93,UpDown
686,-0.31,0.06,0.01,-0.05,0.15,0.96,UpDown
687,-0.3,-0.04,0.05,-0.06,0.14,0.99,UpDown
688,-0.12,-0.2,0.07,-0.04,0.15,0.95,UpDown
689,-0.12,-0.38,0.05,-0.03,0.13,0.96,UpDown
690,-0.22,-0.43,-0.1,-0.02,0.12,0.96,UpDown
691,-0.31,-0.6,-0.16,0,0.11,0.97,UpDown
692,-0.48,0.14,-0.3,0,0.08,1.03,UpDown
693,-0.45,0.17,-0.27,-0.04,0.09,1.03,UpDown
694,-0.81,0.32,-0.24,-0.02,0.08,1,UpDown
695,-0.15,-0.12,-0.12,-0.04,0.05,1.04,UpDown
696,-0.79,0.39,-0.28,-0.03,0.04,1.06,UpDown
697,-0.36,0.02,-0.02,-0.07,0.03,1.11,UpDown
698,-0.23,0.08,0,-0.03,0.02,1.11,UpDown
699,-0.14,0.27,-0.02,-0.04,0.02,1.13,UpDown
700,-0.04,0.01,0.02,-0.04,0.03,1.13,UpDown
701,0.3,0.04,-0.02,-0.03,0.03,1.08,UpDown
702,0.02,0.28,-0.05,-0.04,0.04,1.05,UpDown
703,0.44,-0.06,0.07,-0.06,0.04,1.05,UpDown
704,0.11,0.19,-0.03,-0.04,0.06,1.02,UpDown
705,-0.26,0.18,-0.02,-0.05,0.04,1.07,UpDown
706,0.19,-0.02,0.07,-0.04,0.04,1.05,UpDown
707,-0.08,0.04,-0.05,-0.03,0.03,1.07,UpDown
708,0.21,0.21,0.02,-0.06,0.02,1.13,UpDown
709,0.43,-0.04,0.06,-0.07,0.04,1.14,UpDown
710,0.74,-0.13,0.23,-0.08,0.05,1.13,UpDown
711,0.83,-0.02,0.3,-0.07,0.05,1.13,UpDown
712,1.05,-0.04,0.39,-0.05,0.08,1.08,UpDown
713,0.85,-0.07,0.29,-0.03,0.09,1.03,UpDown
714,0.45,0.17,0.07,-0.03,0.11,1.03,UpDown
715,0.47,0.21,0.05,-0.03,0.12,1.01,UpDown
716,0.28,0.33,-0.01,0,0.13,0.97,UpDown
717,-0.02,0.61,-0.04,-0.02,0.12,0.98,UpDown
718,0.72,0,0.18,-0.05,0.11,0.99,UpDown
719,0.32,0.07,0.09,-0.04,0.16,0.91,UpDown
720,0.1,0.19,0.11,-0.06,0.15,0.95,UpDown
721,0.2,0.07,0.17,-0.07,0.16,0.97,UpDown
722,0.16,0.06,0.08,-0.05,0.15,0.96,UpDown
723,0.23,0.04,0.1,-0.05,0.15,0.95,UpDown
724,-0.08,0.11,0.07,-0.05,0.16,0.97,UpDown
725,-0.06,0.07,0.05,-0.05,0.16,0.99,UpDown
726,-0.06,0.18,0.02,-0.06,0.16,0.99,UpDown
727,-0.13,0.07,0.05,-0.05,0.16,1,UpDown
728,-0.13,0.08,0.06,-0.07,0.14,1.01,UpDown
729,-0.01,0.1,0.06,-0.06,0.15,0.99,UpDown
730,-0.24,0.11,0.01,-0.07,0.15,1.01,UpDown
731,-0.02,0.02,0.13,-0.06,0.14,1.02,UpDown
732,-0.16,0.03,0.08,-0.05,0.15,0.96,UpDown
733,-0.22,-0.03,0.05,-0.06,0.14,0.95,UpDown
734,-0.12,-0.12,0.06,-0.05,0.14,0.92,UpDown
735,-0.38,0.11,-0.11,-0.03,0.13,0.91,UpDown
736,-0.31,0,-0.2,-0.05,0.1,0.99,UpDown
737,-0.48,0.17,-0.3,-0.07,0.11,0.99,UpDown
738,-0.29,0.28,-0.5,-0.05,0.07,1.09,UpDown
739,0.07,0.05,-0.37,-0.12,0.06,1.15,UpDown
740,0.04,-0.38,-0.08,-0.12,0.08,1.09,UpDown
741,-0.31,-0.14,-0.12,-0.08,0.09,0.96,UpDown
742,-0.53,-0.19,0.01,-0.07,0.06,1.02,UpDown
743,-0.52,0.03,0.01,-0.04,0.05,1.09,UpDown
744,-0.2,0.1,-0.08,-0.06,0.05,1.11,UpDown
745,0,-0.15,0,-0.06,0.04,1.15,UpDown
746,0.18,-0.22,0.14,-0.07,0.05,1.13,UpDown
747,0.16,-0.1,0.02,-0.05,0.07,1.02,UpDown
748,-0.22,0.17,0,-0.07,0.05,1.08,UpDown
749,0.37,-0.28,0.16,-0.04,0.06,1.05,UpDown
750,-0.11,0.1,0.02,-0.03,0.06,1.02,UpDown
751,0.01,0.11,0.03,-0.05,0.05,1.05,UpDown
752,0.05,-0.03,0.08,-0.03,0.05,1.1,UpDown
753,0.29,0.1,0.11,-0.05,0.04,1.14,UpDown
754,0.72,-0.57,0.28,-0.06,0.06,1.12,UpDown
755,0.35,0.08,0.2,-0.04,0.07,1.09,UpDown
756,0.62,0.05,0.21,-0.05,0.08,1.08,UpDown
757,-0.13,0.29,0.3,-0.06,0.09,1.08,UpDown
758,0.23,0.45,0.54,-0.03,0.07,1.11,UpDown
759,0.43,0.23,0.16,0.01,0.07,1.01,UpDown
760,-0.26,0.76,-0.03,0.03,0.07,0.99,UpDown
761,0.5,0.75,-0.16,-0.05,0.07,1,UpDown
762,0.79,-0.23,0.11,-0.1,0.09,0.98,UpDown
763,0.47,0.29,0.18,-0.1,0.12,0.96,UpDown
764,0.28,0.12,0.21,-0.09,0.15,0.94,UpDown
765,0.03,0.14,0.19,-0.09,0.13,0.96,UpDown
766,0.48,-0.09,0.22,-0.09,0.13,0.99,UpDown
767,0.09,0.13,0.08,-0.05,0.15,0.92,UpDown
768,0.09,0.18,0.07,-0.08,0.14,0.96,UpDown
769,0.01,0.07,0.03,-0.06,0.15,0.95,UpDown
770,-0.18,0.27,0,-0.07,0.13,1.01,UpDown
771,-0.02,0.1,0.05,-0.09,0.14,1.03,UpDown
772,0.01,0.01,0.12,-0.08,0.14,1.02,UpDown
773,0.05,0.07,0.14,-0.08,0.14,0.98,UpDown
774,-0.11,-0.04,0.11,-0.08,0.14,0.99,UpDown
775,-0.15,0.14,0.07,-0.08,0.14,0.97,UpDown
776,-0.19,0.12,0.02,-0.08,0.12,0.98,UpDown
777,-0.12,0.17,0.08,-0.08,0.12,0.96,UpDown
778,-0.35,-0.01,0.03,-0.07,0.12,0.96,UpDown
779,-0.05,-0.18,-0.07,-0.05,0.11,0.98,UpDown
780,-0.07,-0.12,-0.18,-0.06,0.12,0.94,UpDown
781,-0.37,-0.09,-0.25,-0.08,0.09,0.99,UpDown
782,-0.08,-0.3,-0.24,-0.03,0.09,0.91,UpDown
783,-0.79,0.24,-0.46,-0.07,0.05,1.05,UpDown
784,-0.05,-0.06,-0.23,-0.08,0.05,1.03,UpDown
785,-0.35,-0.46,-0.23,-0.07,0.03,0.98,UpDown
786,-1.08,0.33,-0.39,-0.09,0.02,1.16,UpDown
787,0.4,-0.45,0.1,-0.07,0.01,1.19,UpDown
788,-0.33,-0.15,0.01,-0.06,0.03,1.21,UpDown
789,0.77,-0.21,0.04,-0.05,0.04,1.14,UpDown
790,-0.01,-0.02,0,-0.06,0.06,1.08,UpDown
791,0.06,0.05,0.1,-0.05,0.07,1.02,UpDown
792,0.07,-0.15,0.07,-0.06,0.06,1.01,UpDown
793,-0.01,0.06,0.1,-0.04,0.05,1.03,UpDown
794,-0.02,0.11,0,-0.04,0.04,1.06,UpDown
795,0.35,-0.16,0.1,-0.04,0.04,1.08,UpDown
796,0.18,0.14,0.02,-0.03,0.04,1.11,UpDown
797,0.28,0.19,-0.01,-0.05,0.06,1.13,UpDown
798,0.47,0.13,0.14,-0.06,0.06,1.12,UpDown
799,0.45,0.11,0.17,-0.07,0.07,1.09,UpDown
800,0.57,-0.01,0.16,-0.04,0.07,1.08,UpDown
801,0.57,0.29,0.11,-0.02,0.08,1.05,UpDown
802,0.1,0.48,0.01,-0.02,0.09,1.03,UpDown
803,0.5,0.28,0.02,-0.06,0.08,1.04,UpDown
804,0.25,0.44,0.1,-0.07,0.11,1.01,UpDown
805,0.17,0.37,0.05,-0.06,0.09,1,UpDown
806,0.28,0.31,0.12,-0.1,0.07,1.08,UpDown
807,0.71,-0.21,0.26,-0.08,0.1,1.02,UpDown
808,0.57,0.04,0.12,-0.07,0.11,0.99,UpDown
809,0.42,0.07,0.19,-0.08,0.12,0.96,UpDown
810,0.22,0.08,0.13,-0.07,0.15,0.95,UpDown
811,0.42,0.02,0.18,-0.09,0.13,0.99,UpDown
812,0.31,-0.04,0.2,-0.08,0.17,0.93,UpDown
813,0,0.09,0.12,-0.07,0.16,0.93,UpDown
814,0.03,0.05,0.12,-0.07,0.17,0.93,UpDown
815,-0.32,0.2,0.02,-0.06,0.17,0.92,UpDown
816,-0.26,0.02,0.01,-0.07,0.15,1.01,UpDown
817,-0.08,0.12,0.06,-0.06,0.15,1.02,UpDown
818,-0.19,0.08,0.08,-0.09,0.15,1.04,UpDown
819,0.13,-0.08,0.18,-0.07,0.15,0.98,UpDown
820,-0.34,-0.2,0.1,-0.08,0.16,0.94,UpDown
821,-0.2,-0.1,0.04,-0.05,0.15,0.98,UpDown
822,0.17,-0.22,0.07,-0.06,0.15,0.98,UpDown
823,-0.17,-0.22,-0.01,-0.05,0.15,0.93,UpDown
824,-0.58,-0.01,0.01,-0.05,0.12,0.98,UpDown
825,-0.55,-0.28,-0.08,-0.02,0.13,0.95,UpDown
826,-0.59,-0.11,-0.47,-0.01,0.08,1.05,UpDown
827,-0.59,0.04,-0.29,-0.07,0.07,1.02,UpDown
828,-0.69,-0.22,-0.04,-0.03,0.06,1,UpDown
829,-0.65,0.28,0.07,-0.06,0.02,1.07,UpDown
830,-0.56,0,0.06,-0.05,0.02,1.13,UpDown
831,-0.11,-0.02,0.12,-0.04,0.01,1.17,UpDown
832,0.06,0.03,0.2,-0.04,0.01,1.1,UpDown
833,-0.05,-0.18,0.09,-0.03,0.05,1.02,UpDown
834,-0.19,0.05,0.01,-0.02,0.03,1.07,UpDown
835,0.02,0.11,-0.02,-0.03,0.03,1.08,UpDown
836,-0.02,0.05,-0.03,-0.05,0.02,1.06,UpDown
837,0.24,-0.15,0.11,-0.05,0.02,1.05,UpDown
838,0.09,0.09,0.01,-0.02,0.02,1.04,UpDown
839,0.14,0.08,0,-0.03,0.01,1.06,UpDown
840,0.21,-0.02,0.07,-0.04,0.02,1.06,UpDown
841,0.09,0.11,-0.02,-0.03,0.02,1.05,UpDown
842,0.19,0.19,0.02,-0.03,0.02,1.09,UpDown
843,0.32,0.11,0.01,-0.04,0.02,1.15,UpDown
844,0.65,0.28,0.01,-0.04,0.04,1.16,UpDown
845,0.81,0.07,0.04,-0.05,0.05,1.13,UpDown
846,0.57,0.29,0.12,-0.05,0.07,1.1,UpDown
847,0.51,0.51,0.17,-0.05,0.08,1.05,UpDown
848,0,0.62,0.07,-0.06,0.08,1.08,UpDown
849,1.08,-0.25,0.29,-0.06,0.07,1.05,UpDown
850,0.61,0.08,0.18,-0.02,0.09,0.97,UpDown
851,0.63,0.36,0.04,-0.04,0.1,0.99,UpDown
852,0.65,0.09,0.14,-0.05,0.13,0.95,UpDown
853,0.25,0.23,0.03,-0.05,0.15,0.9,UpDown
854,0.26,0.16,0.09,-0.09,0.14,0.94,UpDown
855,0.3,-0.02,0.13,-0.08,0.16,0.93,UpDown
856,-0.14,0.08,0.03,-0.06,0.16,0.93,UpDown
857,-0.07,0.07,0.08,-0.09,0.14,1.02,UpDown
858,0.11,0.04,0.1,-0.06,0.15,0.98,UpDown
859,-0.01,0.15,0,-0.08,0.14,1.01,UpDown
860,0.01,0.07,0.05,-0.07,0.15,1,UpDown
861,-0.14,0.04,0.03,-0.07,0.15,0.99,UpDown
862,-0.04,-0.03,0.12,-0.08,0.14,1,UpDown
863,-0.02,-0.14,0.1,-0.07,0.14,0.98,UpDown
864,0.19,-0.44,0.16,-0.08,0.15,0.97,UpDown
865,0.26,-0.29,0.14,-0.05,0.16,0.92,UpDown
866,-0.42,-0.09,-0.02,-0.03,0.15,0.92,UpDown
867,-0.54,0.32,-0.11,-0.04,0.13,1.01,UpDown
868,-0.29,-0.11,-0.12,-0.04,0.14,0.96,UpDown
869,-0.69,0.25,-0.19,-0.05,0.09,1.08,UpDown
870,-0.06,0,-0.04,-0.06,0.1,1.06,UpDown
871,-0.22,0.03,-0.14,-0.05,0.09,1.06,UpDown
872,-0.17,-0.06,-0.1,-0.06,0.09,1.05,UpDown
873,-0.11,-0.15,-0.08,-0.05,0.09,1.03,UpDown
874,-0.26,0.15,-0.17,-0.06,0.07,1.08,UpDown
875,-0.09,-0.13,0.01,-0.08,0.07,1.07,UpDown
876,-0.53,0.15,0.01,-0.05,0.07,1.04,UpDown
877,-0.01,-0.11,0.06,-0.06,0.05,1.08,UpDown
878,-0.31,0.05,-0.01,-0.05,0.06,1.05,UpDown
879,-0.26,0.17,-0.03,-0.05,0.06,1.02,UpDown
880,-0.3,0.03,-0.05,-0.05,0.05,1.04,UpDown
881,-0.06,0.07,0.02,-0.04,0.05,1.08,UpDown
882,0.06,0.06,-0.04,-0.05,0.04,1.09,UpDown
883,0.05,0.05,-0.01,-0.06,0.04,1.07,UpDown
884,0.07,0.03,0.01,-0.05,0.05,1.03,UpDown
885,0.03,0.12,0.01,-0.06,0.04,1.05,UpDown
886,0.01,-0.05,-0.03,-0.05,0.05,1.07,UpDown
887,0.14,0.04,-0.05,-0.04,0.05,1.06,UpDown
888,0.35,0.11,-0.01,-0.06,0.03,1.11,UpDown
889,0.36,0.13,0.01,-0.07,0.04,1.12,UpDown
890,0.49,0.11,0.1,-0.07,0.05,1.1,UpDown
891,0.56,0.13,0.12,-0.08,0.05,1.12,UpDown
892,0.93,0.01,0.22,-0.08,0.07,1.08,UpDown
893,0.66,0.14,0.21,-0.05,0.09,1.06,UpDown
894,0.8,0.14,0.05,-0.05,0.09,1.07,UpDown
895,0.65,0.21,0.04,-0.04,0.11,1.04,UpDown
896,0.32,0.54,0.05,-0.07,0.13,0.98,UpDown
897,0.16,0.56,0.17,-0.08,0.11,0.99,UpDown
898,0.85,0.01,0.19,-0.07,0.13,0.98,UpDown
899,0.49,0,0.19,-0.05,0.14,0.94,UpDown
900,0.45,0.13,0.13,-0.08,0.15,0.94,UpDown
901,0.03,-0.04,0.21,-0.08,0.16,0.93,UpDown
902,0.05,0.01,0.14,-0.09,0.17,0.95,UpDown
903,0.06,-0.05,0.15,-0.07,0.17,0.92,UpDown
904,-0.22,-0.21,0.13,-0.07,0.16,0.98,UpDown
905,0.02,0.11,0.01,-0.05,0.15,1.01,UpDown
906,0.01,-0.01,0.06,-0.07,0.16,1,UpDown
907,-0.17,0.03,0.01,-0.06,0.17,0.98,UpDown
908,-0.08,0,0.06,-0.06,0.17,0.97,UpDown
909,-0.24,0.13,-0.02,-0.06,0.16,1,UpDown
910,-0.16,-0.12,0.01,-0.07,0.16,0.99,UpDown
911,0.03,-0.28,0.08,-0.07,0.14,1,UpDown
912,-0.31,-0.21,0.03,-0.05,0.15,0.95,UpDown
913,-0.14,-0.04,0.01,-0.04,0.13,0.98,UpDown
914,-0.26,-0.02,-0.13,-0.03,0.13,0.98,UpDown
915,-0.17,-0.28,-0.15,-0.03,0.13,0.98,UpDown
916,-0.63,0.15,-0.2,-0.03,0.11,1.01,UpDown
917,-0.21,-0.27,-0.15,-0.08,0.1,1.04,UpDown
918,-0.48,-0.56,-0.02,-0.06,0.1,1.03,UpDown
919,-0.25,-1.04,0.1,-0.05,0.08,1.03,UpDown
920,-0.64,-0.08,-0.09,-0.01,0.06,1.07,UpDown
921,-0.26,-0.09,-0.04,-0.01,0.04,1.08,UpDown
922,-0.26,0.08,-0.13,-0.01,0.03,1.08,UpDown
923,-0.41,0.1,-0.02,-0.02,0.03,1.09,UpDown
924,-0.17,0.21,0.03,0,0.04,1.08,UpDown
925,-0.2,0.21,-0.03,0,0.03,1.06,UpDown
926,-0.14,0.31,-0.07,-0.02,0.03,1.08,UpDown
927,0.01,0.07,-0.01,-0.02,0.05,1.04,UpDown
928,-0.17,0.33,0.01,-0.02,0.03,1.06,UpDown
929,-0.01,0.04,0.02,-0.04,0.03,1.08,UpDown
930,0.08,0.12,0.04,-0.02,0.03,1.05,UpDown
931,0.14,0.01,0.06,-0.02,0.02,1.07,UpDown
932,0.1,0.04,0.03,-0.02,0.02,1.06,UpDown
933,0.26,0.15,-0.01,-0.03,0.03,1.06,UpDown
934,0.33,-0.03,0.07,-0.04,0.02,1.09,UpDown
935,0.34,0.09,0.08,-0.03,0.03,1.11,UpDown
936,0.34,0.06,0.16,-0.03,0.04,1.09,UpDown
937,0.42,0.31,0.22,-0.04,0.04,1.11,UpDown
938,0.31,0.56,0.16,-0.02,0.05,1.08,UpDown
939,0.31,0.61,0.13,-0.04,0.04,1.09,UpDown
940,0.77,-0.03,0.3,-0.06,0.05,1.07,UpDown
941,0.58,-0.28,0.32,-0.04,0.06,1,UpDown
942,0.37,-0.18,0.2,-0.03,0.07,0.97,UpDown
943,0.53,0.14,0.17,-0.03,0.08,0.98,UpDown
944,0.49,0.39,0.07,-0.04,0.08,1.02,UpDown
945,0.61,0.11,0.07,-0.05,0.1,1.02,UpDown
946,0.75,-0.21,0.23,-0.04,0.13,0.97,UpDown
947,0.12,0.19,0.09,-0.04,0.14,0.94,UpDown
948,0.55,-0.36,0.33,-0.06,0.14,0.96,UpDown
949,0.08,0.21,0.22,-0.02,0.17,0.88,UpDown
950,-0.03,0.06,0.23,-0.02,0.16,0.91,UpDown
951,-0.34,0.08,0.1,0,0.15,0.97,UpDown
952,-0.4,0.25,-0.01,-0.01,0.14,0.99,UpDown
953,-0.12,0.09,0.04,-0.05,0.14,1.05,UpDown
954,-0.04,-0.37,-0.01,-0.03,0.15,1.01,UpDown
955,0.15,-0.28,0,-0.02,0.14,1,UpDown
956,0.08,-0.28,-0.05,-0.02,0.14,0.98,UpDown
957,-0.06,-0.3,-0.08,-0.01,0.14,0.96,UpDown
958,-0.22,-0.02,-0.17,0,0.13,0.97,UpDown
959,-0.42,0.12,-0.15,-0.01,0.12,0.97,UpDown
960,-0.35,0,-0.17,-0.02,0.1,0.97,UpDown
961,-0.22,0.22,-0.16,0,0.07,1.03,UpDown
962,-0.46,0.62,-0.43,-0.02,0.07,1.06,UpDown
963,-0.01,0.13,-0.16,-0.05,0.07,1.04,UpDown
964,-0.72,0.34,-0.17,-0.05,0.06,1.01,UpDown
965,-0.39,-0.19,0.07,-0.05,0.04,1.08,UpDown
966,-0.59,0.1,0.05,-0.03,0.04,1.11,UpDown
967,-0.21,0.03,0.01,-0.04,0.04,1.14,UpDown
968,0.02,-0.21,0.08,-0.04,0.05,1.1,UpDown
969,-0.07,0.05,0,-0.04,0.06,1.04,UpDown
970,0.01,-0.01,0.01,-0.04,0.05,1.04,UpDown
971,0.04,-0.05,0.07,-0.03,0.05,1.04,UpDown
972,-0.04,0.12,0,-0.03,0.04,1.03,UpDown
973,0.07,0.1,0.04,-0.04,0.03,1.06,UpDown
974,-0.01,0.12,0,-0.02,0.02,1.07,UpDown
975,0.11,0.03,0.07,-0.03,0.03,1.05,UpDown
976,0.06,-0.01,0.02,-0.01,0.03,1.03,UpDown
977,0.11,0.07,0.03,-0.03,0.03,1.08,UpDown
978,0.27,0.13,0.06,-0.03,0.03,1.09,UpDown
979,0.32,-0.04,0.07,-0.05,0.03,1.11,UpDown
980,0.49,-0.03,0.12,-0.04,0.04,1.08,UpDown
981,0.4,0.12,0.06,-0.03,0.04,1.1,UpDown
982,0.71,-0.15,0.08,-0.03,0.04,1.12,UpDown
983,0.93,0.2,0.05,-0.02,0.05,1.07,UpDown
984,0.68,-0.07,-0.03,-0.03,0.08,1.03,UpDown
985,0.51,0.09,-0.05,-0.03,0.09,1.05,UpDown
986,0.83,0.33,-0.03,-0.04,0.12,0.99,UpDown
987,0.1,0.67,-0.04,-0.07,0.11,1.02,UpDown
988,0.85,-0.11,0.2,-0.07,0.12,1.01,UpDown
989,0.44,-0.03,0.16,-0.03,0.13,0.96,UpDown
990,0.33,-0.06,0.11,-0.02,0.13,0.97,UpDown
991,0.33,0.16,-0.01,0,0.16,0.91,UpDown
992,-0.05,0.19,-0.04,-0.04,0.17,0.92,UpDown
993,-0.05,0,0.04,-0.04,0.18,0.92,UpDown
994,-0.23,0.17,0.07,-0.05,0.18,1.01,UpDown
995,-0.09,0,0.07,-0.03,0.18,1,UpDown
996,0.01,0.02,0.12,-0.05,0.17,1.01,UpDown
997,-0.07,-0.15,0.13,-0.04,0.16,0.98,UpDown
998,-0.18,0.15,0.02,-0.04,0.17,0.99,UpDown
999,-0.13,-0.11,0.21,-0.04,0.16,0.97,UpDown
1000,-0.31,0.11,0.07,-0.05,0.15,0.95,UpDown
1001,-0.22,-0.08,0.11,-0.03,0.13,0.99,UpDown
1002,-0.64,-0.43,0.12,-0.03,0.13,1,UpDown
1003,-0.25,-0.29,0.03,-0.01,0.11,1.03,UpDown
1004,-0.39,0.25,-0.09,0,0.11,0.99,UpDown
1005,-0.59,-0.03,-0.13,-0.02,0.1,1,UpDown
1006,-0.46,0.19,-0.11,-0.01,0.08,1.05,UpDown
1007,-0.34,0.09,-0.16,-0.04,0.06,1.05,UpDown
1008,-0.31,0.06,-0.11,-0.01,0.05,1.05,UpDown
1009,-0.42,0,-0.11,-0.01,0.03,1.08,UpDown
1010,-0.37,0.08,-0.02,-0.03,0.04,1.06,UpDown
1011,-0.31,-0.02,0.06,-0.02,0.02,1.08,UpDown
1012,0.02,-0.03,0.05,-0.04,0.02,1.11,UpDown
1013,0,-0.11,0.03,-0.02,0.03,1.05,UpDown
1014,-0.05,0.1,0.08,-0.02,0.02,1.07,UpDown
1015,0.04,0.1,0.02,-0.02,0.02,1.08,UpDown
1016,0.11,0.08,0.01,-0.02,0.03,1.05,UpDown
1017,0.04,-0.03,0.06,-0.02,0.03,1.01,UpDown
1018,-0.03,0.09,0.08,-0.03,0.01,1.06,UpDown
1019,0.11,-0.05,0.05,-0.02,0.02,1.06,UpDown
1020,0.16,0.15,0,-0.01,0.01,1.09,UpDown
1021,0.54,0.05,0.06,-0.04,0.02,1.11,UpDown
1022,0.34,0.14,0,-0.02,0.03,1.1,UpDown
1023,0.6,0.08,0.11,-0.02,0.04,1.09,UpDown
1024,0.37,0.34,0.06,-0.02,0.05,1.08,UpDown
1025,0.22,0.49,0.02,-0.02,0.06,1.09,UpDown
1026,0.42,0.3,0.01,-0.05,0.07,1.09,UpDown
1027,0.52,0.29,0.14,-0.05,0.07,1.05,UpDown
1028,0.35,0.16,0.06,-0.04,0.05,1.02,UpDown
1029,0.45,0.21,0.02,-0.06,0.08,1.03,UpDown
1030,0.69,0.11,0.07,-0.06,0.08,1,UpDown
1031,0.69,-0.12,0.1,-0.06,0.1,0.95,UpDown
1032,0.42,0.1,0.12,-0.06,0.12,0.94,UpDown
1033,0.43,-0.15,0.22,-0.06,0.13,0.95,UpDown
1034,0.1,0,0.2,-0.04,0.15,0.92,UpDown
1035,0.15,-0.13,0.24,-0.05,0.15,0.95,UpDown
1036,-0.16,0.02,0.12,-0.01,0.16,0.94,UpDown
1037,-0.11,0.06,0.08,-0.02,0.14,1,UpDown
1038,-0.05,0.04,0,-0.04,0.14,1.01,UpDown
1039,-0.15,0,0.01,-0.04,0.14,1.02,UpDown
1040,0.02,-0.07,0.08,-0.04,0.14,1,UpDown
1041,-0.13,0.01,0.04,-0.04,0.13,0.99,UpDown
1042,-0.07,-0.1,0.05,-0.03,0.13,0.98,UpDown
1043,-0.29,-0.04,0.02,-0.04,0.13,0.98,UpDown
1044,-0.12,-0.02,0.03,-0.02,0.12,0.97,UpDown
1045,-0.22,0,-0.08,-0.02,0.1,0.99,UpDown
1046,-0.24,-0.04,-0.21,-0.02,0.09,1.03,UpDown
1047,-0.02,-0.18,-0.03,-0.01,0.07,1.05,UpDown
1048,-0.25,0.26,-0.14,-0.02,0.09,1,UpDown
1049,-0.63,0.11,-0.16,-0.02,0.08,1.01,UpDown
1050,-0.32,0.01,-0.06,-0.04,0.06,1.03,UpDown
1051,-0.57,0.21,-0.17,0.01,0.05,1,UpDown
1052,-0.26,-0.05,0,-0.04,0.03,1.12,UpDown
1053,-0.39,0.08,-0.05,-0.01,0.04,1.04,UpDown
1054,-0.28,0.16,-0.04,-0.06,0.02,1.12,UpDown
1055,0.09,0,-0.01,-0.03,0.03,1.06,UpDown
1056,0.01,0.08,-0.28,-0.03,0.05,1.02,UpDown
1057,-0.09,0.27,-0.11,-0.05,0.03,1.07,UpDown
1058,-0.15,0.17,0,-0.05,0.03,1.07,UpDown
1059,0.07,0.06,0.06,-0.06,0.02,1.07,UpDown
1060,-0.01,0.05,0.1,-0.05,0.03,1.04,UpDown
1061,0.06,-0.01,0.1,-0.04,0.03,1.03,UpDown
1062,0.03,-0.01,0.1,-0.04,0.02,1.06,UpDown
1063,0.13,0.03,0.08,-0.04,0.02,1.08,UpDown
1064,0.12,0.11,0.04,-0.05,0.02,1.09,UpDown
1065,0.39,0,0.11,-0.05,0.02,1.1,UpDown
1066,0.23,0.1,0.12,-0.05,0.03,1.08,UpDown
1067,0.48,0.01,0.17,-0.04,0.03,1.06,UpDown
1068,0.33,0.11,0.09,-0.03,0.03,1.06,UpDown
1069,0.16,0.37,-0.03,-0.02,0.04,1.05,UpDown
1070,0.42,0.21,0.01,-0.05,0.03,1.1,UpDown
1071,0.66,0.04,0.09,-0.06,0.05,1.07,UpDown
1072,0.46,-0.05,0.15,-0.06,0.07,1.05,UpDown
1073,0.53,0.02,0.3,-0.05,0.07,1.02,UpDown
1074,0.66,-0.25,0.24,-0.07,0.08,1.01,UpDown
1075,0.59,-0.05,0.28,-0.02,0.1,0.98,UpDown
1076,0.31,0.01,-0.05,-0.01,0.12,0.97,UpDown
1077,0.28,0.23,0.06,-0.03,0.12,0.99,UpDown
1078,0.51,0.03,0.06,-0.05,0.13,0.98,UpDown
1079,0.26,-0.17,0.07,-0.05,0.15,0.95,UpDown
1080,0.11,0.2,0.12,-0.05,0.15,0.96,UpDown
1081,-0.01,-0.03,0.07,-0.05,0.15,0.95,UpDown
1082,-0.12,0.19,0.03,-0.03,0.14,0.96,UpDown
1083,-0.22,0.18,0.01,-0.04,0.13,0.99,UpDown
1084,-0.21,0.06,0.03,-0.04,0.12,1.02,UpDown
1085,-0.12,0.09,0.05,-0.05,0.12,1.02,UpDown
1086,-0.19,0,0.08,-0.05,0.12,0.98,UpDown
1087,-0.31,0.12,0.08,-0.05,0.12,0.98,UpDown
1088,-0.16,-0.06,0.08,-0.05,0.11,0.97,UpDown
1089,-0.47,0.16,0,-0.03,0.11,0.97,UpDown
1090,0.08,0.04,0.01,-0.06,0.09,1,UpDown
1091,-0.12,0.03,0,-0.04,0.08,0.97,UpDown
1092,-0.4,0.07,-0.26,-0.03,0.1,0.98,UpDown
1093,-0.03,0.17,-0.15,-0.04,0.07,1.03,UpDown
1094,-0.54,-0.03,-0.26,-0.05,0.07,1.1,UpDown
1095,-0.1,-0.09,-0.13,-0.07,0.05,1.1,UpDown
1096,-0.21,0.21,-0.12,-0.05,0.04,1.08,UpDown
1097,-0.42,0.54,-0.15,-0.06,0.04,1.03,UpDown
1098,0.06,-0.31,-0.16,-0.08,0.03,1.09,UpDown
1099,-0.32,0.21,0.03,-0.07,0.04,1.07,UpDown
1100,0.05,0,0.1,-0.09,0.03,1.12,UpDown
1101,0.4,-0.26,0.21,-0.06,0.04,1.1,UpDown
1102,-0.02,0.13,0.01,-0.05,0.05,1.03,UpDown
1103,0.05,-0.06,0.1,-0.05,0.05,1.02,UpDown
1104,-0.03,0.05,0.06,-0.05,0.04,1.03,UpDown
1105,-0.13,0.09,0.01,-0.05,0.04,1.04,UpDown
1106,0.15,-0.05,0.15,-0.05,0.04,1.03,UpDown
1107,-0.05,0.12,0.02,-0.05,0.03,1.05,UpDown
1108,0.13,0.1,0.05,-0.04,0.03,1.09,UpDown
1109,0.32,0.02,0.02,-0.05,0.03,1.1,UpDown
1110,0.33,0.18,0.03,-0.06,0.03,1.11,UpDown
1111,0.38,0.33,-0.07,-0.03,0.05,1.1,UpDown
1112,0.41,1.02,-0.01,-0.07,0.04,1.2,UpDown
1113,0.93,-0.24,0.2,-0.1,0.08,1.07,UpDown
1114,0.39,0.22,0.08,-0.08,0.08,1.01,UpDown
1115,0.35,-0.09,0.25,-0.07,0.09,1,UpDown
1116,0.41,-0.36,0.17,-0.07,0.09,0.95,UpDown
1117,0.2,0.04,0.15,-0.08,0.09,0.97,UpDown
1118,0.29,-0.18,0.09,-0.07,0.09,1,UpDown
1119,0.47,0.02,0.13,-0.06,0.09,1,UpDown
1120,0.21,0.06,0.07,-0.05,0.12,0.96,UpDown
1121,0.26,-0.01,0.07,-0.06,0.11,0.97,UpDown
1122,0.08,0.12,0.08,-0.06,0.13,0.96,UpDown
1123,-0.07,-0.01,0.11,-0.06,0.13,0.99,UpDown
1124,0.17,0,0.06,-0.04,0.13,0.98,UpDown
1125,-0.1,0.15,0.04,-0.05,0.13,1,UpDown
1126,-0.08,-0.09,0.07,-0.05,0.12,0.98,UpDown
1127,-0.29,0.21,0,-0.05,0.12,1,UpDown
1128,-0.16,0.09,0.01,-0.07,0.11,1.01,UpDown
1129,-0.26,0.2,0,-0.07,0.11,0.98,UpDown
1130,-0.2,0.24,0.02,-0.05,0.1,0.95,UpDown
1131,-0.36,0.6,0.05,-0.08,0.1,0.99,UpDown
1132,0.12,-0.65,0.25,-0.08,0.1,0.95,UpDown
1133,-0.81,0.44,-0.03,-0.04,0.08,0.98,UpDown
1134,-0.2,0.04,0.08,-0.08,0.06,1.08,UpDown
1135,-0.15,-0.23,0.01,-0.05,0.07,0.98,UpDown
1136,-0.81,0.18,-0.23,-0.06,0.05,1.05,UpDown
1137,-0.2,-0.09,-0.08,-0.06,0.02,1.06,UpDown
1138,-0.24,-0.02,-0.16,-0.07,0.02,1.1,UpDown
1139,-0.04,-0.17,-0.02,-0.09,0.02,1.09,UpDown
1140,0.26,-0.24,-0.01,-0.08,0.02,1.07,UpDown
1141,-0.19,-0.02,-0.05,-0.07,0.03,1.06,UpDown
1142,-0.05,0.08,0.08,-0.07,0.03,1.06,UpDown
1143,-0.21,-0.01,0.05,-0.05,0.02,1.04,UpDown
1144,-0.06,0.03,0.04,-0.05,0.01,1.08,UpDown
1145,0.13,0.02,-0.02,-0.05,0.01,1.07,UpDown
1146,0.06,-0.01,0.05,-0.05,0.02,1.05,UpDown
1147,0.07,0.02,0.04,-0.05,0.01,1.04,UpDown
1148,-0.03,0.09,0.06,-0.06,0.02,1.04,UpDown
1149,0.07,-0.03,0.06,-0.06,0.02,1.03,UpDown
1150,0.14,-0.07,0.08,-0.06,0.01,1.06,UpDown
1151,0.03,-0.02,0.06,-0.05,0.02,1.06,UpDown
1152,0.29,-0.03,0.06,-0.04,0.01,1.11,UpDown
1153,0.4,-0.06,0.04,-0.06,0.02,1.14,UpDown
1154,0.28,-0.21,0.1,-0.06,0.05,1.08,UpDown
1155,0.49,-0.06,0.18,-0.05,0.04,1.09,UpDown
1156,0.35,-0.2,0.16,-0.04,0.05,1.08,UpDown
1157,0.6,0.06,0.16,-0.04,0.05,1.07,UpDown
1158,0.48,0.03,0.15,-0.02,0.06,1.03,UpDown
1159,0.35,-0.07,0.05,-0.02,0.06,1.03,UpDown
1160,0.67,0.05,0.04,-0.02,0.07,1.02,UpDown
1161,0.7,0.01,0.12,-0.04,0.08,1.01,UpDown
1162,0.57,-0.24,0.22,-0.04,0.09,0.99,UpDown
1163,0.59,-0.14,0.24,-0.03,0.1,0.98,UpDown
1164,0.56,-0.1,0.16,-0.02,0.13,0.94,UpDown
1165,0.2,0,0.13,-0.01,0.14,0.96,UpDown
1166,0.29,-0.03,0.09,0,0.15,0.93,UpDown
1167,-0.12,0.18,0.03,-0.01,0.14,0.97,UpDown
1168,-0.07,0.13,0.03,-0.02,0.13,1.01,UpDown
1169,0.04,0.12,0.07,-0.02,0.13,1.01,UpDown
1170,-0.09,0.2,0.03,-0.01,0.14,0.99,UpDown
1171,-0.04,-0.05,0.11,-0.01,0.14,0.96,UpDown
1172,-0.35,0.17,0.05,-0.02,0.13,0.99,UpDown
1173,-0.2,0.1,0.11,-0.03,0.11,0.99,UpDown
1174,-0.25,-0.02,0.12,-0.02,0.11,0.96,UpDown
1175,-0.45,0.02,0.1,-0.02,0.1,0.96,UpDown
1176,-0.41,0.02,0.04,-0.01,0.1,0.95,UpDown
1177,-0.57,0.31,0.01,-0.02,0.08,0.98,UpDown
1178,-0.52,-0.09,0.1,-0.03,0.06,1.01,UpDown
1179,-0.43,0.16,-0.1,-0.01,0.04,1.05,UpDown
1180,-0.33,0.22,-0.05,-0.03,0.04,1.07,UpDown
1181,-0.15,-0.19,-0.01,-0.02,0.04,1.04,UpDown
1182,-0.62,0.21,-0.1,-0.04,0.02,1.11,UpDown
1183,-0.08,-0.06,-0.02,-0.03,0.03,1.1,UpDown
1184,-0.21,0.28,-0.06,-0.04,0.02,1.08,UpDown
1185,0.07,-0.06,-0.06,-0.06,0.01,1.07,UpDown
1186,-0.09,0.07,-0.02,-0.03,0.02,1.03,UpDown
1187,-0.25,0.01,0.04,-0.03,0.02,1.03,UpDown
1188,-0.26,0.16,-0.05,-0.02,0,1.08,UpDown
1189,0.18,-0.08,0,-0.03,0,1.08,UpDown
1190,-0.03,0.04,0.04,-0.03,0,1.05,UpDown
1191,0.06,0.02,0.05,-0.04,0,1.05,UpDown
1192,0.1,-0.04,0.04,-0.03,0,1.04,UpDown
1193,0.05,0.05,0.04,-0.02,-0.01,1.05,UpDown
1194,0.05,0.12,-0.01,-0.02,0,1.04,UpDown
1195,0.16,0.04,-0.04,-0.02,0,1.06,UpDown
1196,0.02,0.08,-0.01,-0.03,0.01,1.04,UpDown
1197,0.21,0.01,0.05,-0.03,0,1.08,UpDown
1198,0.22,0.06,0.03,-0.02,0,1.09,UpDown
1199,0.28,0.12,-0.02,-0.03,0.01,1.11,UpDown
1200,0.31,0.27,0,-0.03,0.02,1.06,UpDown
1201,-0.33,0.53,0.08,-0.05,0.02,1.1,UpDown
1202,0.13,0.24,0.2,-0.06,0.01,1.13,UpDown
1203,0.5,0.02,0.1,-0.03,0.02,1.09,UpDown
1204,0.66,-0.11,0.01,-0.04,0.01,1.07,UpDown
1205,0.74,0.01,0.12,-0.06,0.03,1.04,UpDown
1206,0.71,-0.22,0.07,-0.05,0.04,1,UpDown
1207,0.96,-0.11,0.08,-0.03,0.06,0.97,UpDown
1208,0.7,-0.05,-0.02,-0.04,0.08,0.95,UpDown
1209,0.12,0.06,-0.06,-0.04,0.1,0.94,UpDown
1210,0.26,0.08,-0.02,-0.05,0.1,0.94,UpDown
1211,-0.08,0.08,0.02,-0.05,0.11,0.93,UpDown
1212,-0.07,0.09,0.09,-0.04,0.11,0.95,UpDown
1213,-0.15,0.23,0.09,-0.02,0.11,0.99,UpDown
1214,-0.15,0.06,0.05,-0.03,0.1,1.02,UpDown
1215,-0.03,0.25,0.05,-0.03,0.09,1.05,UpDown
1216,0.01,-0.03,0.11,-0.04,0.1,0.99,UpDown
1217,-0.19,0.15,0.09,-0.04,0.1,0.98,UpDown
1218,-0.2,0.02,0.12,-0.02,0.1,0.94,UpDown
1219,-0.46,0.29,-0.01,-0.06,0.08,0.98,UpDown
1220,-0.12,-0.09,0.12,-0.07,0.08,0.96,UpDown
1221,-0.37,-0.23,0.03,-0.03,0.06,0.95,UpDown
1222,-0.69,0.14,-0.07,-0.01,0.05,1.01,UpDown
1223,-0.73,0.34,-0.15,-0.05,0.02,1.12,UpDown
1224,0,-0.1,0.03,-0.04,0.01,1.09,UpDown
1225,-0.53,0.2,-0.11,-0.03,0.02,1.04,UpDown
1226,0.03,0,-0.08,-0.06,0,1.06,UpDown
1227,-0.33,0.11,-0.06,-0.04,0,1.04,UpDown
1228,0.08,-0.2,-0.04,-0.08,-0.02,1.11,UpDown
1229,-0.03,0.06,0,-0.06,0,1.03,UpDown
1230,-0.04,-0.07,0.05,-0.07,-0.02,1.11,UpDown
1231,0.07,-0.02,0.07,-0.04,-0.01,1.05,UpDown
1232,-0.01,0.06,0,-0.04,0,1.04,UpDown
1233,0.05,0.1,0.02,-0.05,-0.01,1.07,UpDown
1234,0.09,0.05,0,-0.03,-0.01,1.02,UpDown
1235,0.02,0.01,0.05,-0.04,-0.01,1.03,UpDown
1236,0.05,0.08,-0.03,-0.05,-0.02,1.05,UpDown
1237,0.07,0.01,-0.02,-0.02,-0.01,1.03,UpDown
1238,0.11,0.17,-0.04,-0.03,-0.02,1.06,UpDown
1239,0.13,0.03,-0.02,-0.05,-0.02,1.09,UpDown
1240,0.38,0.04,0.05,-0.06,-0.01,1.09,UpDown
1241,0.34,-0.11,0.04,-0.05,0,1.05,UpDown
1242,0.26,0,-0.03,-0.03,0,1.06,UpDown
1243,0.34,-0.1,-0.02,-0.02,0.01,1.09,UpDown
1244,0.55,0.12,-0.03,-0.04,0.02,1.09,UpDown
1245,0.55,0.19,0.06,-0.06,0.03,1.08,UpDown
1246,0.44,-0.19,0.1,-0.06,0.04,1.07,UpDown
1247,0.87,0.01,0.18,-0.06,0.05,1.04,UpDown
1248,0.5,-0.01,0.15,-0.05,0.07,1.01,UpDown
1249,0.71,0,0.14,-0.05,0.06,1.05,UpDown
1250,0.65,0.16,0.15,-0.03,0.1,0.98,UpDown
1251,0.34,0.16,0.07,-0.03,0.1,0.98,UpDown
1252,0.5,0.2,0.06,-0.02,0.11,0.95,UpDown
1253,0.1,0.17,0.02,-0.03,0.11,0.95,UpDown
1254,-0.05,0.13,0.08,-0.02,0.11,0.96,UpDown
1255,0.27,0.1,0.07,-0.05,0.11,0.98,UpDown
1256,0.05,0.06,0.05,-0.04,0.12,0.96,UpDown
1257,-0.02,0.08,0.06,-0.04,0.12,0.95,UpDown
1258,-0.25,0.01,0.03,-0.06,0.12,0.97,UpDown
1259,-0.09,-0.03,0.08,-0.04,0.12,0.98,UpDown
1260,-0.21,0.14,0.06,-0.05,0.11,1,UpDown
1261,-0.13,-0.15,0.11,-0.05,0.1,1,UpDown
1262,-0.04,-0.18,0.1,-0.04,0.1,0.95,UpDown
1263,-0.74,0.05,0.01,-0.03,0.09,0.96,UpDown
1264,-0.2,-0.25,0.05,-0.08,0.07,1.05,UpDown
1265,-0.17,-0.18,-0.02,0,0.08,0.92,UpDown
1266,-0.71,0.03,0.06,-0.01,0.04,0.98,UpDown
1267,-0.55,-0.07,0.04,0,0.03,0.97,UpDown
1268,-0.09,0.03,-0.09,-0.02,0,1.11,UpDown
1269,-0.22,-0.15,-0.08,-0.01,0.01,1.06,UpDown
1270,-0.34,0,0.01,-0.04,-0.01,1.17,UpDown
1271,0.11,0.07,0.04,-0.02,0.02,1.09,UpDown
1272,-0.3,0.15,-0.04,-0.01,0.01,1.08,UpDown
1273,-0.1,0,0.01,-0.04,0.02,1.05,UpDown
1274,-0.14,0.12,0,-0.03,0.02,1.05,UpDown
1275,-0.08,0.13,-0.05,-0.03,0.01,1.06,UpDown
1276,-0.05,0.03,-0.01,-0.03,0.01,1.04,UpDown
1277,0.1,0.08,0.07,-0.05,0,1.06,UpDown
1278,-0.04,0.08,0,-0.02,0,1.04,UpDown
1279,0.14,-0.08,0.05,-0.03,0,1.04,UpDown
1280,-0.04,0,0.02,-0.02,-0.01,1.02,UpDown
1281,0.01,0.03,0.03,-0.03,-0.01,1.04,UpDown
1282,0.03,-0.06,0.04,-0.02,-0.01,1.05,UpDown
1283,0.11,0.03,0.04,-0.03,-0.01,1.06,UpDown
1284,0.15,0.09,0.01,-0.02,-0.01,1.12,UpDown
1285,0.43,0.06,0.05,-0.03,-0.01,1.15,UpDown
1286,0.59,0.08,0.1,-0.03,0,1.12,UpDown
1287,0.43,0.27,-0.04,-0.01,0.02,1.09,UpDown
1288,0.46,0.61,-0.05,-0.02,0.03,1.09,UpDown
1289,0.57,0.39,0.02,-0.05,0.03,1.07,UpDown
1290,0.61,-0.03,0.02,-0.04,0.05,1.02,UpDown
1291,0.57,0.62,0.11,-0.06,0.05,1.06,UpDown
1292,0.77,-0.31,0.2,-0.08,0.07,1.02,UpDown
1293,0.6,-0.03,0.25,-0.07,0.06,1.02,UpDown
1294,0.58,0,0.22,-0.05,0.1,0.98,UpDown
1295,0.44,-0.34,0.23,-0.04,0.11,0.94,UpDown
1296,0.4,-0.07,0.1,-0.04,0.1,0.96,UpDown
1297,0.2,-0.24,0.1,-0.03,0.12,0.93,UpDown
1298,0.09,0.11,0.13,-0.02,0.13,0.92,UpDown
1299,-0.15,0.06,0.03,-0.01,0.13,0.94,UpDown
1300,-0.21,0,0.06,-0.02,0.12,0.99,UpDown
1301,-0.3,0.25,0.01,-0.01,0.11,0.99,UpDown
1302,-0.11,0.02,0.06,-0.04,0.11,1,UpDown
1303,-0.3,0.11,0.03,-0.03,0.1,0.99,UpDown
1304,-0.3,-0.17,0.05,-0.03,0.1,0.96,UpDown
1305,-0.31,-0.06,0,-0.02,0.09,0.99,UpDown
1306,-0.34,0.04,-0.01,-0.02,0.08,0.98,UpDown
1307,-0.46,-0.15,-0.02,-0.01,0.07,0.98,UpDown
1308,-0.37,0.1,-0.1,-0.03,0.05,1.05,UpDown
1309,-0.31,0.24,-0.12,-0.01,0.06,1,UpDown
1310,-0.35,-0.06,-0.11,-0.03,0.05,1.02,UpDown
1311,-0.29,0.01,-0.06,-0.04,0.03,1.08,UpDown
1312,-0.03,0.08,0.09,-0.04,0.03,1.06,UpDown
1313,-0.16,-0.16,0.11,-0.04,0.03,1.08,UpDown
1314,-0.2,-0.08,0.14,-0.04,0.01,1.11,UpDown
1315,0,0.04,0.11,-0.02,0.02,1.06,UpDown
1316,-0.31,-0.11,0.09,-0.02,0.01,1.08,UpDown
1317,-0.15,0.17,0.07,-0.01,0.02,1.06,UpDown
1318,-0.07,-0.09,0.03,-0.02,0.01,1.04,UpDown
1319,-0.02,0.03,0.03,0,0,1.06,UpDown
1320,-0.11,0.07,0,-0.02,0,1.07,UpDown
1321,0.12,0.06,0.03,-0.01,0,1.06,UpDown
1322,0.08,0.06,0.02,-0.03,0,1.06,UpDown
1323,0.09,0.03,0.04,-0.01,0,1.04,UpDown
1324,0.11,0.08,0,-0.01,0,1.07,UpDown
1325,0.2,0.21,-0.03,-0.02,0,1.12,UpDown
1326,0.33,0.22,0.02,-0.03,0,1.1,UpDown
1327,0.21,0.45,0,-0.01,0.01,1.06,UpDown
1328,0.01,0.54,0.09,-0.01,0,1.08,UpDown
1329,0.28,0.52,0.02,-0.03,0,1.12,UpDown
1330,0.73,0.08,0.09,-0.08,0.01,1.09,UpDown
1331,0.71,-0.15,0.16,-0.06,0.03,1.02,UpDown
1332,0.41,0.13,0.11,-0.06,0.03,1.04,UpDown
1333,0.84,0.16,0.11,-0.07,0.04,1.04,UpDown
1334,0.68,0.27,0.06,-0.04,0.07,1,UpDown
1335,0.74,-0.06,0.09,-0.05,0.09,0.98,UpDown
1336,0.49,0.1,0.01,-0.05,0.1,0.96,UpDown
1337,0.37,0.14,0,-0.07,0.11,0.98,UpDown
1338,0.31,-0.1,0.1,-0.06,0.13,0.94,UpDown
1339,0.19,0.1,0.07,-0.06,0.14,0.96,UpDown
1340,0.02,-0.21,0.06,-0.07,0.13,0.96,UpDown
1341,-0.13,0.29,0.06,-0.06,0.12,1,UpDown
1342,0.06,-0.16,0.07,-0.05,0.12,0.98,UpDown
1343,-0.2,-0.16,0.08,-0.04,0.11,0.96,UpDown
1344,-0.34,0.11,0.03,-0.05,0.11,0.98,UpDown
1345,-0.27,-0.37,0.09,-0.05,0.11,0.99,UpDown
1346,-0.26,-0.05,0.12,-0.06,0.1,1.01,UpDown
1347,-0.34,-0.48,0.14,-0.04,0.1,0.98,UpDown
1348,-0.21,-0.26,0.15,-0.03,0.09,0.97,UpDown
1349,-0.46,-0.01,0.04,-0.02,0.08,0.98,UpDown
1350,-0.64,-0.28,-0.04,-0.02,0.06,1,UpDown
1351,-0.5,0.37,-0.07,-0.01,0.03,1.02,UpDown
1352,-0.39,-0.31,-0.02,-0.04,0.02,1.05,UpDown
1353,-0.18,0.1,-0.08,-0.01,0.02,1.04,UpDown
1354,-0.48,-0.07,-0.11,-0.02,0,1.08,UpDown
1355,-0.24,-0.02,-0.03,0,0,1.09,UpDown
1356,-0.05,-0.05,0.02,-0.03,-0.01,1.1,UpDown
1357,-0.19,-0.32,0.14,-0.01,0.01,1.02,UpDown
1358,-0.31,-0.13,0.07,0,-0.01,1.02,UpDown
1359,-0.36,0.19,-0.01,0.01,-0.02,1.09,UpDown
1360,0.15,-0.04,0.03,0,-0.03,1.1,UpDown
1361,0.03,0.01,0,0.01,-0.03,1.08,UpDown
1362,0.22,-0.03,0.08,0,-0.01,1.06,UpDown
1363,0.11,0.01,0.09,-0.01,-0.01,1.06,UpDown
1364,0.11,-0.08,0.08,0.02,0.01,1.02,UpDown
1365,0.13,0.01,0.05,0.02,0,1.03,UpDown
1366,0.09,0.04,0,0.02,-0.01,1.04,UpDown
1367,0.1,0.11,-0.01,0.01,-0.01,1.07,UpDown
1368,0.18,0.15,0,0,-0.01,1.11,UpDown
1369,0.35,0.19,0.01,0,0,1.09,UpDown
1370,0.27,0.34,0.02,0,0,1.11,UpDown
1371,0.45,0.36,0.06,-0.01,0.01,1.13,UpDown
1372,0.69,0.31,-0.01,-0.02,0.03,1.11,UpDown
1373,0.71,0.12,0.07,-0.03,0.04,1.07,UpDown
1374,0.63,0.08,0.1,-0.03,0.04,1.04,UpDown
1375,0.64,0.01,0.05,-0.01,0.06,1.02,UpDown
1376,0.78,0.19,0.03,-0.01,0.07,1.01,UpDown
1377,0.86,0.08,0.11,-0.03,0.07,1.02,UpDown
1378,0.86,-0.15,0.12,-0.02,0.08,1,UpDown
1379,0.76,-0.06,0.06,-0.01,0.11,0.97,UpDown
1380,0.59,0.06,0.14,-0.02,0.13,0.96,UpDown
1381,0.45,-0.12,0.11,-0.03,0.14,0.93,UpDown
1382,0.19,0.08,0.11,-0.01,0.15,0.93,UpDown
1383,0.11,0,0.11,-0.01,0.15,0.91,UpDown
1384,-0.31,0.2,0.03,0,0.16,0.93,UpDown
1385,-0.26,0.26,0.02,0,0.14,1,UpDown
1386,-0.13,0.04,0.02,-0.01,0.14,1,UpDown
1387,-0.27,0.07,0.05,-0.02,0.14,1.01,UpDown
1388,-0.26,-0.06,0.07,-0.01,0.13,0.99,UpDown
1389,-0.3,0.17,0.02,-0.02,0.12,1.02,UpDown
1390,-0.21,0.01,0.09,-0.02,0.12,1,UpDown
1391,-0.49,0.1,0.02,-0.02,0.11,1.02,UpDown
1392,-0.21,-0.02,0.07,-0.01,0.09,1.01,UpDown
1393,-0.47,0.14,0.01,0,0.09,0.99,UpDown
1394,-0.13,-0.02,0.01,-0.02,0.08,0.96,UpDown
1395,-0.48,-0.27,-0.04,-0.01,0.08,0.96,UpDown
1396,-0.47,0.24,-0.13,0.02,0.06,0.96,UpDown
1397,-0.37,0.32,-0.24,0.01,0.05,0.98,UpDown
1398,-0.71,0.23,-0.16,-0.04,0.02,1.1,UpDown
1399,-0.42,0.03,-0.13,-0.03,0.03,1.11,UpDown
1400,-0.04,-0.34,-0.05,-0.03,0.01,1.12,UpDown
1401,-0.32,0.02,-0.02,-0.05,0.01,1.12,UpDown
1402,-0.12,-0.22,0.05,-0.02,0.02,1.07,UpDown
1403,-0.05,0.03,0.04,-0.02,0.01,1.07,UpDown
1404,-0.17,0.03,0.05,0.01,0.01,1.04,UpDown
1405,-0.2,0.08,0.01,-0.02,0,1.08,UpDown
1406,0.06,0.04,0.04,-0.01,0,1.07,UpDown
1407,-0.05,0.01,-0.01,-0.01,0,1.05,UpDown
1408,0.06,0.05,0.07,-0.02,0,1.05,UpDown
1409,0.03,-0.03,0.05,0,0,1.03,UpDown
1410,0.05,0.06,0.08,0,0,1.04,UpDown
1411,-0.09,0.04,-0.02,0,0,1.02,UpDown
1412,0.14,0.09,0.04,0,0,1.03,UpDown
1413,0,-0.03,0.02,0,-0.01,1.02,UpDown
1414,-0.03,-0.09,0,0,-0.01,1.02,UpDown
1415,-0.02,0.06,0.03,-0.01,-0.02,1.03,UpDown
1416,0.02,-0.08,0.02,-0.01,-0.01,1.02,UpDown
1417,-0.14,0.09,0.04,0,-0.02,1.01,UpDown
1418,-0.04,-0.03,0.06,-0.01,-0.02,1.03,UpDown
1419,-0.1,0.04,0.04,0,-0.03,1.02,UpDown
1420,0.59,-0.25,0.04,0.03,0.03,1.02,UpDown
1421,0.63,0.1,-0.09,0.01,0,1.02,UpDown
1422,0.64,0.01,-0.06,0.01,0,1.02,UpDown
1423,0.04,0.02,0.02,-0.02,0.01,0.99,UpDown
1424,0.05,0.04,0.01,0,0.01,1.02,UpDown
1425,0.06,0.04,-0.02,0.01,0.01,1.03,UpDown
1426,0.05,0.04,-0.1,0.02,0.01,1.03,UpDown
1427,0.06,0.05,0.02,0.01,0.01,1.03,UpDown
1428,0.06,0.04,0.04,0.01,0.02,1.03,UpDown
1429,0.06,0.05,0.03,0.01,0.01,1.03,UpDown
1430,0.05,0.04,0.03,0.01,0.01,1.04,UpDown
1431,0.05,0.05,0.03,0.01,0.01,1.03,UpDown
1432,0.06,0.04,0.04,0.01,0.01,1.04,UpDown
1433,0.05,0.04,0.04,0.01,0.01,1.03,UpDown
1434,0.06,0.05,0.04,0.01,0.01,1.03,UpDown
1435,0.05,0.04,0.03,0.01,0.01,1.03,UpDown
1436,0.05,0.04,0.04,0,0.01,1.03,UpDown
1437,0.05,0.05,0.04,0.01,0.01,1.03,UpDown
1438,0.06,0.05,0.04,0.01,0.01,1.03,UpDown
1439,0.06,0.05,0.04,0.01,0.01,1.03,UpDown
1440,0.05,0.05,0.03,0.01,0.01,1.03,UpDown
1441,0.05,0.06,0.03,0.01,0.01,1.04,UpDown
1442,0.06,0.04,0.03,0.01,0.01,1.03,UpDown
1443,0.06,0.04,0.04,0.01,0.01,1.03,UpDown
1444,0.05,0.05,0.04,0.01,0.01,1.03,UpDown
1445,0.06,0.04,0.04,0.01,0.01,1.03,UpDown
1446,0.05,0.04,0.04,0.01,0.01,1.03,UpDown
1447,0.05,0.04,0.03,0.01,0.01,1.03,UpDown
1448,0.05,0.05,0.04,0.01,0.01,1.03,UpDown
1449,0.06,0.05,0.03,0.01,0.01,1.03,UpDown
1450,0.06,0.05,0.04,0.01,0.01,1.03,UpDown
1451,0.05,0.05,0.03,0.01,0.01,1.03,UpDown
1452,0.05,0.06,0.04,0.01,0.01,1.03,UpDown
1453,0.05,0.05,0.03,0.01,0.01,1.03,UpDown
1454,0.05,0.06,0.03,0.01,0.01,1.03,UpDown
1455,0.05,0.04,0.04,0.01,0.01,1.03,UpDown
1456,0.06,0.04,0.03,0.01,0.01,1.03,UpDown
1457,0.05,0.05,0.03,0.01,0.01,1.03,UpDown
1458,0.06,0.05,0.04,0.01,0.01,1.03,UpDown
1459,0.06,0.05,0.04,0.01,0.01,1.03,UpDown
1460,0.06,0.05,0.03,0.01,0.01,1.03,UpDown
1461,0.06,0.05,0.03,0.01,0.01,1.03,UpDown
1462,0.05,0.04,0.03,0.01,0.01,1.04,UpDown
1463,0.06,0.05,0.03,0.01,0.01,1.03,UpDown
1464,0.05,0.04,0.04,0.01,0.01,1.03,UpDown
1465,0.05,0.05,0.03,0.01,0.01,1.03,UpDown
1466,0.05,0.04,0.03,0.01,0.01,1.03,UpDown
1467,0.05,0.05,0.04,0.01,0.01,1.04,UpDown
1468,0.05,0.05,0.03,0.01,0.01,1.04,UpDown
1469,0.05,0.04,0.04,0.01,0.01,1.03,UpDown
1470,0.05,0.04,0.04,0.01,0.01,1.03,UpDown
1471,0.05,0.05,0.04,0.01,0.01,1.03,UpDown
1472,0.05,0.05,0.04,0.01,0.01,1.03,UpDown
1473,0.05,0.05,0.04,0.01,0.01,1.03,UpDown
1474,0.05,0.05,0.04,0.01,0.01,1.03,UpDown
1475,0.06,0.05,0.03,0.01,0.01,1.03,UpDown
1476,0.06,0.04,0.04,0.01,0.01,1.03,UpDown
1477,0.06,0.05,0.03,0.01,0.01,1.04,UpDown
1478,0.06,0.05,0.04,0.01,0.01,1.04,UpDown
1479,0.05,0.05,0.04,0.01,0.01,1.03,UpDown
1480,0.06,0.04,0.03,0.01,0.01,1.03,UpDown
1481,0.05,0.04,0.04,0.01,0.01,1.03,UpDown
1482,0.06,0.05,0.03,0.01,0.01,1.03,UpDown
1483,0.05,0.04,0.04,0.01,0.01,1.03,UpDown
1484,0.05,0.04,0.04,0.01,0.01,1.03,UpDown
1485,0.06,0.05,0.02,0.01,0.01,1.03,UpDown
1486,0.05,0.05,0.03,0.01,0.01,1.03,UpDown
1487,0.06,0.04,0.03,0.01,0.01,1.04,UpDown
1488,0.05,0.04,0.04,0.01,0.01,1.03,UpDown
1489,0.05,0.04,0.04,0.01,0.01,1.03,UpDown
1490,0.06,0.04,0.03,0.01,0.01,1.03,UpDown
1491,0.05,0.05,0.04,0.01,0.01,1.03,UpDown
1492,0.05,0.04,0.04,0.01,0.02,1.03,UpDown
1493,0.05,0.04,0.03,0.01,0.01,1.03,UpDown
1494,0.05,0.05,0.04,0.01,0.02,1.03,UpDown
1495,0.05,0.04,0.04,0.01,0.01,1.03,UpDown
1496,0.05,0.04,0.04,0.01,0.01,1.03,UpDown
1497,0.05,0.03,0.03,0.01,0.01,1.03,UpDown
1498,0.05,0.04,0.04,0.01,0.01,1.03,UpDown
1499,0.06,0.05,0.03,0.01,0.01,1.03,UpDown
1500,0.05,0.04,0.03,0.01,0.01,1.03,UpDown
1501,0.05,0.04,0.04,0.01,0.01,1.03,UpDown
1502,0.05,0.05,0.03,0.01,0.01,1.03,UpDown
1503,0.05,0.04,0.04,0.01,0.01,1.03,UpDown
1504,0.06,0.05,0.03,0.01,0.01,1.03,UpDown
1505,0.05,0.04,0.03,0.01,0.01,1.03,UpDown
1506,0.06,0.04,0.03,0.01,0.01,1.03,UpDown
1507,0.06,0.04,0.02,0.01,0.01,1.03,UpDown
1508,0.06,0.05,0.04,0.01,0.01,1.03,UpDown
1509,0.05,0.05,0.04,0.01,0.02,1.03,UpDown
1510,0.05,0.05,0.03,0.01,0.01,1.04,UpDown
1511,0.05,0.05,0.04,0.01,0.01,1.03,UpDown
1512,0.05,0.04,0.04,0.01,0.01,1.03,UpDown
1513,0.05,0.04,0.04,0.01,0.01,1.03,UpDown
1514,0.05,0.04,0.04,0.01,0.01,1.03,UpDown
1515,0.06,0.04,0.02,0.01,0.01,1.03,UpDown
1516,0.06,0.05,0.04,0.01,0.01,1.03,UpDown
1517,0.05,0.05,0.03,0.01,0.01,1.03,UpDown
1518,0.05,0.04,0.03,0.01,0.01,1.03,UpDown
1519,0.05,0.05,0.03,0.01,0.01,1.03,UpDown
1520,0.05,0.05,0.04,0.01,0.01,1.03,UpDown
1521,0.06,0.04,0.04,0.01,0.01,1.03,UpDown
1522,0.05,0.04,0.03,0.01,0.01,1.03,UpDown
1523,0.05,0.04,0.03,0.01,0.02,1.03,UpDown
1524,0.06,0.04,0.04,0.01,0.01,1.03,UpDown
1525,0.06,0.04,0.03,0.01,0.01,1.03,UpDown
1526,0.05,0.05,0.03,0.01,0.01,1.03,UpDown
1527,0.05,0.05,0.03,0.01,0.01,1.03,UpDown
1528,0.05,0.05,0.03,0.01,0.01,1.04,UpDown
1529,0.05,0.04,0.04,0.01,0.01,1.03,UpDown
1530,0.06,0.05,0.03,0.01,0.01,1.04,UpDown
1531,0.06,0.05,0.03,0.01,0.01,1.03,UpDown
1532,0.05,0.05,0.03,0.01,0.01,1.03,UpDown
1533,0.06,0.04,0.03,0.01,0.01,1.03,UpDown
1534,0.06,0.05,0.03,0.01,0.01,1.03,UpDown
1535,0.05,0.05,0.04,0.01,0.01,1.03,UpDown
1536,0.05,0.04,0.03,0.01,0.02,1.03,UpDown
1537,0.06,0.04,0.05,0.01,0.01,1.03,UpDown
1538,0.05,0.03,0.04,0.01,0.01,1.03,UpDown
1539,0.06,0.04,0.04,0.01,0.01,1.03,UpDown
1540,0.06,0.05,0.04,0.01,0.01,1.03,UpDown
1541,0.06,0.04,0.04,0.01,0.01,1.03,UpDown
1542,0.05,0.04,0.03,0.01,0.02,1.03,UpDown
1543,0.05,0.04,0.04,0.01,0.01,1.03,UpDown
1544,0.05,0.05,0.03,0.01,0.01,1.04,UpDown
1545,0.05,0.05,0.04,0.01,0.01,1.03,UpDown
1546,0.05,0.05,0.04,0.01,0.01,1.03,UpDown
1547,0.06,0.04,0.03,0.01,0.01,1.03,UpDown
1548,0.06,0.05,0.04,0.01,0.01,1.03,UpDown
1549,0.05,0.05,0.03,0.01,0.02,1.04,UpDown
1550,0.05,0.05,0.04,0.01,0.01,1.03,UpDown
1551,0.05,0.03,0.04,0.01,0.01,1.03,UpDown
1552,0.06,0.03,0.04,0.01,0.01,1.03,UpDown
1553,0.06,0.05,0.04,0.01,0.01,1.03,UpDown
1554,0.06,0.05,0.05,0.01,0.01,1.03,UpDown
1555,0.05,0.04,0.03,0.01,0.01,1.03,UpDown
1556,0.06,0.04,0.04,0.01,0.01,1.03,UpDown
1557,0.06,0.04,0.04,0.01,0.01,1.03,UpDown
1558,0.05,0.04,0.04,0.01,0.01,1.03,UpDown
1559,0.05,0.04,0.02,0.01,0.01,1.03,UpDown
1560,0.05,0.05,0.03,0.01,0.02,1.04,UpDown
1561,0.05,0.04,0.03,0.01,0.01,1.04,UpDown
